timestamp,ear_right,ear_left,ear_avg,mar,head_roll,head_pitch,head_yaw,drowsy_alert,yawn_alert,tilt_alert,status
2025-09-24 15:21:56,0.3093,1.1972,0.7533,0.5280,9.02,95.29,-1.28,False,False,False,NORMAL
2025-09-24 15:21:57,0.2868,1.4217,0.8543,0.6014,7.14,63.25,-4.59,False,True,False,WARNING
2025-09-24 15:21:58,0.2486,1.1124,0.6805,0.5261,4.70,228.17,-2.63,False,True,False,WARNING
2025-09-24 15:21:59,0.3785,1.2403,0.8094,0.6064,-3.93,152.16,3.66,False,True,False,WARNING
2025-09-24 15:22:00,0.3502,1.2702,0.8102,0.6348,3.00,94.83,-3.95,False,True,False,WARNING
2025-09-24 15:22:01,0.3221,1.4365,0.8793,0.6214,4.65,53.52,-3.75,False,True,False,WARNING
2025-09-24 15:22:02,0.3525,1.3385,0.8455,0.6186,-0.86,54.73,0.43,False,True,False,WARNING
2025-09-24 15:22:03,0.4683,1.2631,0.8657,0.4841,-2.47,74.54,13.86,False,True,False,NORMAL
2025-09-24 15:22:04,0.3052,1.3919,0.8485,0.5862,2.94,50.84,-1.73,False,True,False,WARNING
2025-09-24 15:22:05,0.3785,1.3581,0.8683,0.6349,2.35,58.78,1.26,False,True,False,WARNING
2025-09-24 15:22:06,0.2927,1.3144,0.8036,0.5882,-0.04,167.13,-3.21,False,True,False,WARNING
2025-09-24 15:22:07,0.4066,1.4313,0.9190,0.6540,-1.92,48.79,1.09,False,True,False,WARNING
2025-09-24 15:22:08,0.3610,1.3021,0.8315,0.5834,4.83,49.61,-0.42,False,True,False,WARNING
2025-09-24 15:22:09,0.3447,1.2905,0.8176,0.5856,3.52,48.53,-1.07,False,True,False,WARNING
2025-09-24 15:22:10,0.5003,1.1674,0.8338,0.4575,-8.04,73.46,18.54,False,True,False,NORMAL
2025-09-24 15:22:11,0.3325,1.3599,0.8462,0.6225,-1.40,53.81,-0.60,False,True,False,WARNING
2025-09-24 15:22:12,0.7798,1.0287,0.9043,0.4770,-1.19,84.51,20.89,False,True,False,NORMAL
2025-09-24 15:22:13,0.2997,1.1554,0.7275,0.4198,-4.84,38.02,14.53,False,True,False,NORMAL
2025-09-24 15:22:14,0.3199,1.1394,0.7296,0.4686,-4.16,40.06,12.04,False,True,False,NORMAL
2025-09-24 15:22:15,0.3351,1.3686,0.8519,0.6282,1.01,45.08,-1.19,False,True,False,WARNING
2025-09-24 15:22:16,0.4247,1.3880,0.9064,0.5159,-1.53,121.30,1.91,False,True,False,WARNING
2025-09-24 15:22:17,0.4433,1.4717,0.9575,0.6847,-0.80,56.25,-0.20,False,True,False,WARNING
2025-09-24 15:22:18,0.1169,1.0032,0.5601,0.5918,1.19,24.29,-1.34,False,True,False,WARNING
2025-09-24 15:22:19,0.3761,1.4071,0.8916,0.6515,2.24,44.67,-0.91,False,True,False,WARNING
2025-09-24 15:22:20,0.4525,1.1728,0.8126,0.4684,-7.74,72.81,15.49,False,True,False,NORMAL
2025-09-24 15:22:21,0.4807,1.2023,0.8415,0.4932,-9.21,86.09,17.32,False,True,False,NORMAL
2025-09-24 15:22:22,0.2398,1.2680,0.7539,0.5669,-49.78,67.47,23.46,False,True,True,CRITICAL
2025-09-24 15:22:23,0.3279,1.4854,0.9067,0.7179,-24.39,43.85,8.31,False,True,True,CRITICAL
2025-09-24 15:22:25,0.2349,1.3085,0.7717,0.5525,47.89,53.95,-17.65,False,True,True,CRITICAL
2025-09-24 15:22:26,0.2169,1.1779,0.6974,0.4634,60.06,39.62,-16.07,False,True,True,WARNING
2025-09-24 15:22:27,0.2970,1.2263,0.7617,0.5108,33.51,65.68,-10.72,False,True,True,CRITICAL
2025-09-24 15:22:28,0.3808,1.3148,0.8478,0.6144,1.26,84.43,0.89,False,True,False,WARNING
2025-09-24 15:22:29,0.3358,1.1817,0.7587,0.6156,1.22,41.91,1.63,False,True,False,WARNING
2025-09-24 15:22:30,0.2954,1.1570,0.7262,0.6623,1.21,23.94,0.67,False,True,False,WARNING
2025-09-24 15:22:31,0.2834,1.3099,0.7967,0.5950,1.75,16.09,1.16,False,True,False,WARNING
2025-09-24 15:22:32,0.2808,1.1813,0.7311,0.5697,2.09,17.58,1.30,False,True,False,WARNING
2025-09-24 15:22:33,0.2271,1.1248,0.6759,0.4871,-2.45,38.83,9.95,False,True,False,NORMAL
2025-09-24 15:22:34,0.2270,1.0013,0.6142,0.6263,1.48,21.53,-0.20,False,True,False,WARNING
2025-09-24 15:22:35,0.2742,1.2007,0.7374,0.6161,1.08,24.29,0.62,False,True,False,WARNING
2025-09-24 15:22:36,0.2618,1.2635,0.7627,0.6167,1.19,24.39,-1.23,False,True,False,WARNING
2025-09-24 15:22:37,0.2608,1.0706,0.6657,0.5530,4.10,39.37,1.89,False,True,False,WARNING
2025-09-24 15:22:38,0.3000,1.2653,0.7827,0.5392,23.61,74.47,-9.75,False,True,True,CRITICAL
2025-09-24 15:22:39,0.3069,1.2300,0.7685,0.5318,24.38,69.94,-8.63,False,True,True,CRITICAL
2025-09-24 15:22:40,0.4003,1.3198,0.8601,0.6193,4.50,90.94,-0.41,False,True,False,WARNING
2025-09-24 15:22:41,0.3174,1.3460,0.8317,0.5456,43.86,82.34,-19.38,False,True,True,CRITICAL
2025-09-24 15:22:42,0.2622,1.2263,0.7443,0.5055,52.05,51.11,-17.58,False,True,True,CRITICAL
2025-09-24 15:22:43,0.4083,1.4023,0.9053,0.6553,-5.84,64.92,2.60,False,True,False,WARNING
2025-09-24 15:22:44,0.3723,1.2884,0.8304,0.6183,-1.95,122.36,1.44,False,True,False,WARNING
2025-09-24 15:22:45,0.3186,0.6451,0.4818,0.5330,4.30,87.76,2.80,False,True,False,WARNING
2025-09-24 15:22:46,0.2869,1.0411,0.6640,0.5102,5.94,128.88,6.50,False,True,False,WARNING
2025-09-24 15:22:47,0.4475,1.1321,0.7898,0.4981,17.98,101.71,3.59,False,True,False,WARNING
2025-09-24 15:22:48,0.3129,1.2772,0.7951,0.6130,5.21,61.05,-1.65,False,True,False,WARNING
2025-09-24 15:22:49,0.3282,1.4457,0.8869,0.6846,6.04,74.28,-4.99,False,True,False,WARNING
2025-09-24 15:22:50,0.4655,1.1797,0.8226,0.5925,16.01,284.28,-1.79,False,True,False,WARNING
2025-09-24 15:22:51,0.4287,1.5846,1.0066,0.5338,-2.87,36.43,0.81,False,True,False,WARNING
2025-09-24 15:22:52,0.3399,1.8000,1.0699,0.9437,-16.64,50.27,-4.86,False,True,False,WARNING
2025-09-24 15:22:53,0.4422,1.4563,0.9492,0.5625,6.52,67.12,1.38,False,True,False,WARNING
2025-09-24 15:22:54,0.3733,1.4632,0.9183,0.6470,-1.06,52.93,-0.03,False,True,False,WARNING
2025-09-24 15:22:55,0.4159,1.4140,0.9149,0.5494,4.82,68.18,-0.99,False,True,False,WARNING
2025-09-24 15:22:56,0.4002,1.3967,0.8984,0.5812,5.70,47.81,-0.07,False,True,False,WARNING
2025-09-24 15:22:57,0.3743,1.3639,0.8691,0.6122,1.64,23.42,-0.82,False,True,False,WARNING
2025-09-24 15:22:58,0.3517,1.3099,0.8308,0.5899,2.78,44.70,-0.37,False,True,False,WARNING
2025-09-24 15:22:59,0.3255,1.2962,0.8108,0.5507,6.91,38.85,-0.68,False,True,False,WARNING
2025-09-24 15:23:00,0.3128,1.2015,0.7571,0.5925,6.76,29.05,0.48,False,True,False,WARNING
2025-09-24 15:23:01,0.4894,1.2538,0.8716,0.6053,0.32,246.91,1.99,False,True,False,WARNING
2025-09-24 15:23:02,0.0901,1.0372,0.5637,0.6338,-0.85,56.02,-0.68,False,True,False,WARNING
2025-09-24 15:23:03,0.0904,0.9539,0.5221,0.5714,2.59,40.55,1.39,False,True,False,WARNING
2025-09-24 15:23:04,0.1507,1.2172,0.6840,0.5683,1.41,41.20,1.35,False,True,False,WARNING
2025-09-24 15:23:05,0.1318,0.9940,0.5629,0.6020,-1.20,53.07,-0.13,False,True,False,WARNING
2025-09-24 15:23:07,0.1898,1.1029,0.6463,0.5716,0.28,61.46,1.90,False,True,False,WARNING
2025-09-24 15:23:08,0.1876,1.0101,0.5988,0.5975,1.93,68.63,1.04,False,True,False,WARNING
2025-09-24 15:23:09,0.3265,1.0126,0.6695,0.6172,-0.28,76.96,1.83,False,True,False,WARNING
2025-09-24 15:23:10,0.1380,0.9432,0.5406,0.6075,1.00,73.08,0.59,False,True,False,WARNING
2025-09-24 15:23:11,0.1546,1.2136,0.6841,0.5855,-0.24,49.75,1.20,False,True,False,WARNING
2025-09-24 15:23:12,0.0922,0.8287,0.4604,0.6007,0.61,105.39,-0.25,False,True,False,WARNING
2025-09-24 15:23:13,0.0621,0.8509,0.4565,0.6239,2.00,86.52,1.24,False,True,False,WARNING
2025-09-24 15:23:14,0.2150,0.9630,0.5890,0.5395,14.89,186.77,-4.59,False,True,False,WARNING
2025-09-24 15:23:15,0.3393,1.3799,0.8596,0.6149,-2.88,42.57,5.21,False,True,False,WARNING
2025-09-24 15:23:16,0.4111,1.2043,0.8077,0.6588,-15.71,64.88,7.13,False,True,False,WARNING
2025-09-24 15:23:17,0.4341,1.3993,0.9167,0.6453,-3.37,66.89,1.79,False,True,False,WARNING
2025-09-24 15:23:18,0.3797,1.2861,0.8329,0.6451,-0.68,74.82,0.97,False,True,False,WARNING
2025-09-24 15:23:19,0.3245,0.9765,0.6505,0.5938,5.33,90.38,-0.12,False,True,False,WARNING
2025-09-24 15:23:20,0.2483,1.2769,0.7626,0.6144,4.15,89.44,-1.25,False,True,False,WARNING
2025-09-24 15:23:21,0.3135,1.2702,0.7918,0.5717,2.50,99.63,1.06,False,True,False,WARNING
2025-09-24 15:23:22,0.3216,1.2865,0.8041,0.6204,5.76,95.98,-3.45,False,True,False,WARNING
2025-09-24 15:23:23,0.2080,1.5211,0.8645,0.6433,9.92,85.52,-6.24,False,True,False,WARNING
2025-09-24 15:23:24,0.3050,1.3947,0.8498,0.6055,9.48,69.73,-4.98,False,True,False,WARNING
2025-09-24 15:23:25,0.3755,1.1923,0.7839,0.4358,-0.71,93.98,5.65,False,True,False,NORMAL
2025-09-24 15:23:26,0.3557,1.3533,0.8545,0.6319,-11.35,59.79,5.80,False,True,False,WARNING
2025-09-24 15:23:27,0.3743,1.4166,0.8954,0.6503,-7.19,60.90,3.22,False,True,False,WARNING
2025-09-24 15:23:28,0.3328,1.4006,0.8667,0.6600,-8.49,61.41,3.77,False,True,False,WARNING
2025-09-24 15:23:29,0.3246,1.1079,0.7162,0.6581,-9.78,71.56,4.79,False,True,False,WARNING
2025-09-24 15:23:30,0.3617,1.3303,0.8460,0.6544,-8.03,75.71,1.98,False,True,False,WARNING
2025-09-24 15:23:31,0.3375,1.4129,0.8752,0.6302,-2.81,79.12,2.08,False,True,False,WARNING
2025-09-24 15:23:32,0.3937,1.4087,0.9012,0.6451,8.23,80.00,-5.14,False,True,False,WARNING
2025-09-24 15:23:33,0.2932,1.3976,0.8454,0.6460,-0.49,50.31,-3.03,False,True,False,WARNING
2025-09-24 15:23:34,0.3011,1.4699,0.8855,0.7411,-8.22,41.83,-2.03,False,True,False,WARNING
2025-09-24 15:23:35,0.3400,1.4560,0.8980,0.6749,-6.76,53.33,-0.81,False,True,False,WARNING
2025-09-24 15:23:36,0.3529,1.2095,0.7812,0.6674,-5.08,63.21,-0.29,False,True,False,WARNING
2025-09-24 15:23:37,0.3261,1.4060,0.8661,0.6608,-2.42,67.16,-2.01,False,True,False,WARNING
2025-09-24 15:23:38,0.3507,1.2561,0.8034,0.6596,-1.80,72.86,-1.53,False,True,False,WARNING
2025-09-24 15:23:39,0.3859,1.2808,0.8334,0.6563,-3.81,70.37,-0.59,False,True,False,WARNING
2025-09-24 15:23:40,0.3885,1.4272,0.9079,0.6510,-6.35,67.80,-0.48,False,True,False,WARNING
2025-09-24 15:23:41,0.3666,1.2940,0.8303,0.6591,-4.61,60.26,-0.60,False,True,False,WARNING
2025-09-24 15:23:42,0.3168,1.2386,0.7777,0.6526,-3.96,59.73,-0.50,False,True,False,WARNING
2025-09-24 15:23:43,0.3916,1.4104,0.9010,0.6262,-5.65,72.72,2.62,False,True,False,WARNING
2025-09-24 15:23:45,0.4101,1.4604,0.9352,0.6326,-8.96,75.58,4.17,False,True,False,WARNING
2025-09-24 15:23:46,0.3339,1.3734,0.8537,0.5828,-7.61,67.00,6.21,False,True,False,WARNING
2025-09-24 15:31:07,0.3293,1.3324,0.8308,0.6562,-5.07,41.89,-0.38,False,False,False,NORMAL
2025-09-24 15:31:08,0.3193,1.3276,0.8234,0.6295,-3.91,41.47,-0.54,False,False,False,NORMAL
2025-09-24 15:31:09,0.3279,1.3933,0.8606,0.5790,0.07,42.53,0.99,False,False,False,NORMAL
2025-09-24 15:31:10,0.2672,1.3712,0.8192,0.5655,2.24,18.58,-0.14,False,False,False,NORMAL
2025-09-24 15:31:11,0.3874,1.3825,0.8850,0.4512,1.85,34.93,5.76,False,False,False,NORMAL
2025-09-24 15:31:12,0.4364,1.2262,0.8313,0.4420,2.97,30.09,8.03,False,False,False,NORMAL
2025-09-24 15:31:13,0.3485,1.3462,0.8473,0.5685,1.01,28.55,0.10,False,False,False,NORMAL
2025-09-24 15:31:14,0.3524,1.3340,0.8432,0.5763,2.13,40.01,0.02,False,False,False,NORMAL
2025-09-24 15:31:15,0.2724,1.4021,0.8372,0.6496,1.02,-0.67,-0.21,False,True,False,WARNING
2025-09-24 15:31:16,0.2462,1.4141,0.8301,0.6589,0.04,-3.18,-0.03,False,False,False,NORMAL
2025-09-24 15:31:17,0.4145,1.2135,0.8140,0.6023,1.72,55.49,-0.16,False,True,False,WARNING
2025-09-24 15:31:18,0.3024,1.2889,0.7957,0.5891,2.84,45.65,-0.65,False,False,False,NORMAL
2025-09-24 15:31:19,0.2503,1.3619,0.8061,0.5805,1.83,35.23,-0.63,False,False,False,NORMAL
2025-09-24 15:31:20,0.3705,1.3945,0.8825,0.6267,0.35,28.51,-0.65,False,True,False,WARNING
2025-09-24 15:31:21,0.3500,1.3226,0.8363,0.6161,0.15,40.69,-0.13,False,False,False,NORMAL
2025-09-24 15:31:22,0.3881,1.2645,0.8263,0.6502,0.17,53.97,-0.59,False,True,False,WARNING
2025-09-24 15:31:23,0.3529,1.1935,0.7732,0.6256,2.01,78.15,-0.84,False,False,False,NORMAL
2025-09-24 15:31:24,0.2284,1.4012,0.8148,0.5730,2.28,24.46,-0.63,False,False,False,NORMAL
2025-09-24 15:31:25,0.2933,1.3717,0.8325,0.5606,3.28,39.59,-0.50,False,False,False,NORMAL
2025-09-24 15:31:27,0.3175,1.1466,0.7320,0.6257,1.65,103.13,-0.22,False,False,False,NORMAL
2025-09-24 15:31:28,0.0496,1.4182,0.7339,0.5916,1.16,54.35,-0.43,False,False,False,NORMAL
2025-09-24 15:31:29,0.1269,1.3964,0.7616,0.5787,1.64,51.98,-0.50,False,False,False,NORMAL
2025-09-24 15:31:30,0.1005,1.4220,0.7612,0.5964,1.36,46.62,-0.30,False,False,False,NORMAL
2025-09-24 15:31:31,0.3188,1.2708,0.7948,0.6372,1.59,66.88,0.08,False,True,False,WARNING
2025-09-24 15:31:32,0.3279,1.2756,0.8018,0.6344,2.54,70.07,0.82,False,True,False,WARNING
2025-09-24 15:31:33,0.3844,1.2178,0.8011,0.6280,1.37,89.74,0.61,False,True,False,WARNING
2025-09-24 15:31:34,0.0862,1.3582,0.7222,0.6380,1.58,80.93,-0.27,False,True,False,WARNING
2025-09-24 15:31:35,0.3859,1.2042,0.7950,0.6362,1.48,81.09,-0.18,False,True,False,WARNING
2025-09-24 15:31:36,0.2410,1.3257,0.7834,0.6349,1.19,81.87,0.45,False,True,False,WARNING
2025-09-24 15:31:37,0.1541,1.3841,0.7691,0.6422,-1.36,74.33,0.93,False,False,False,NORMAL
2025-09-24 15:31:38,0.3161,1.3951,0.8556,0.6251,-2.64,113.71,0.24,False,False,False,NORMAL
2025-09-24 15:31:39,0.1157,1.3245,0.7201,0.6458,2.21,84.73,-1.03,False,True,False,WARNING
2025-09-24 15:31:40,0.0849,1.4098,0.7473,0.6356,2.40,88.25,-0.50,False,True,False,WARNING
2025-09-24 15:31:41,0.2303,1.3086,0.7695,0.6332,2.84,90.86,-0.02,False,True,False,WARNING
2025-09-24 15:31:42,0.0803,1.3412,0.7107,0.6409,3.13,82.14,0.09,False,False,False,NORMAL
2025-09-24 15:31:43,0.1562,1.3739,0.7650,0.6340,-0.38,74.22,1.21,False,True,False,WARNING
2025-09-24 15:31:44,0.1199,1.3653,0.7426,0.6234,1.73,66.66,0.89,False,False,False,NORMAL
2025-09-24 15:31:45,0.0861,1.3523,0.7192,0.6361,2.77,82.94,-0.72,False,True,False,WARNING
2025-09-24 15:31:46,0.0875,1.3544,0.7209,0.6384,1.81,81.81,-0.64,False,True,False,WARNING
2025-09-24 15:31:47,0.4821,1.1662,0.8241,0.6265,2.18,103.41,-0.51,False,False,False,NORMAL
2025-09-24 15:31:48,0.5253,1.1505,0.8379,0.6283,2.27,106.33,-0.34,False,False,False,NORMAL
2025-09-24 15:31:49,0.1281,1.3604,0.7442,0.6382,3.90,78.40,-0.37,False,False,False,NORMAL
2025-09-24 15:31:50,0.5097,1.1270,0.8183,0.6379,2.86,74.48,0.94,False,True,False,WARNING
2025-09-24 15:31:51,0.5226,1.1572,0.8399,0.4620,1.01,61.05,18.63,False,False,False,NORMAL
2025-09-24 15:31:52,0.1788,1.3903,0.7845,0.6129,48.07,51.07,-21.14,False,True,True,CRITICAL
2025-09-24 15:31:53,0.3397,1.2346,0.7872,0.5838,19.39,104.33,-2.47,False,False,False,NORMAL
2025-09-24 15:31:54,0.4698,1.1449,0.8074,0.5727,24.54,233.55,-7.55,False,False,False,NORMAL
2025-09-24 15:31:55,0.4265,1.1409,0.7837,0.5088,22.57,333.49,-10.19,False,False,False,NORMAL
2025-09-24 15:31:56,0.2297,1.0566,0.6432,0.7208,-24.30,267.14,7.75,False,True,False,WARNING
2025-09-24 15:31:58,0.4522,1.3046,0.8784,0.5729,-1.08,209.99,0.39,False,False,False,NORMAL
2025-09-24 15:31:59,0.3150,1.3739,0.8445,0.5783,-1.64,24.50,-0.61,False,False,False,NORMAL
2025-09-24 15:32:00,0.2733,1.3324,0.8028,0.6121,-0.63,57.19,1.72,False,False,False,NORMAL
2025-09-24 15:32:01,0.5141,1.2053,0.8597,0.6275,-1.32,80.40,0.10,False,True,False,WARNING
2025-09-24 15:32:02,0.5912,1.1955,0.8933,0.6264,-0.44,73.92,-0.66,False,False,False,NORMAL
2025-09-24 15:32:03,0.4546,1.2681,0.8613,0.6105,1.24,44.58,-0.64,False,True,False,WARNING
2025-09-24 15:32:04,0.1962,1.4347,0.8154,0.5711,1.40,32.64,0.13,False,False,False,NORMAL
2025-09-24 15:32:05,0.2880,1.3941,0.8411,0.5521,2.36,38.93,0.14,False,False,False,NORMAL
2025-09-24 15:32:06,0.4165,1.1851,0.8008,0.3649,21.08,35.58,6.44,False,False,False,NORMAL
2025-09-24 15:32:07,0.3272,1.6766,1.0019,0.7117,-12.16,50.25,-8.12,False,True,False,WARNING
2025-09-24 15:32:08,0.1256,1.3889,0.7573,0.5326,0.16,58.74,0.61,False,True,False,WARNING
2025-09-24 15:32:09,0.2992,1.2683,0.7837,0.6086,1.75,85.37,-1.09,False,True,False,WARNING
2025-09-24 15:32:10,0.3170,1.3322,0.8246,0.5783,5.57,40.43,1.01,False,False,False,NORMAL
2025-09-24 15:32:11,0.4226,1.2442,0.8334,0.5737,-6.52,55.37,1.78,False,False,False,NORMAL
2025-09-24 15:32:12,0.3748,1.1986,0.7867,0.5785,-4.16,83.57,0.91,False,False,False,NORMAL
2025-09-24 15:32:13,0.3388,1.3141,0.8265,0.5837,-1.52,40.36,0.27,False,False,False,NORMAL
2025-09-24 15:32:14,0.4093,1.1321,0.7707,0.6400,0.92,103.80,-0.38,False,True,False,WARNING
2025-09-24 15:32:15,0.3958,1.1546,0.7752,0.6233,1.73,108.74,-0.26,False,False,False,NORMAL
2025-09-24 15:32:16,0.2964,1.4627,0.8795,0.5012,0.50,-5.14,0.79,False,False,False,NORMAL
2025-09-24 15:32:17,0.2657,1.4912,0.8784,0.5638,1.67,-45.35,0.11,False,False,False,NORMAL
2025-09-24 15:32:18,0.2396,1.4654,0.8525,0.4901,1.86,-31.04,0.15,False,False,False,NORMAL
2025-09-24 15:32:19,0.2672,1.4246,0.8459,0.5116,9.46,-17.62,0.96,False,False,False,NORMAL
2025-09-24 15:32:20,0.3264,1.3552,0.8408,0.4612,4.47,19.82,3.47,False,False,False,NORMAL
2025-09-24 15:32:21,0.3582,1.3667,0.8625,0.5393,-0.92,35.18,1.57,False,False,False,NORMAL
2025-09-24 15:32:22,0.4116,1.1856,0.7986,0.5711,-2.64,47.54,1.48,False,False,False,NORMAL
2025-09-24 15:32:23,0.4214,1.3221,0.8717,0.5670,-4.60,43.74,0.90,False,False,False,NORMAL
2025-09-24 15:32:24,0.3710,1.3116,0.8413,0.5444,-0.17,46.50,1.48,False,False,False,NORMAL
2025-09-24 15:37:15,1.0000,0.3273,0.6636,0.6595,2.76,116.04,-2.16,False,False,False,NORMAL
2025-09-24 15:37:16,1.0000,0.3530,0.6765,0.6168,1.72,53.91,-0.63,False,True,False,WARNING
2025-09-24 15:37:17,1.0000,0.2670,0.6335,0.5145,6.77,9.61,1.67,False,False,False,NORMAL
2025-09-24 15:37:18,1.0000,0.3827,0.6914,0.6213,4.09,193.20,0.04,False,False,False,NORMAL
2025-09-24 15:37:19,1.0000,0.3075,0.6538,0.5355,-0.73,27.64,-0.50,False,False,False,NORMAL
2025-09-24 15:37:20,1.0000,0.3618,0.6809,0.6528,5.14,77.56,-3.29,False,True,False,WARNING
2025-09-24 15:37:21,1.0000,0.3712,0.6856,0.5351,-15.42,110.68,17.62,False,False,False,NORMAL
2025-09-24 15:37:22,1.0000,0.3047,0.6524,0.5593,2.89,85.51,-0.80,False,False,False,NORMAL
2025-09-24 15:37:23,1.0000,0.3842,0.6921,0.7122,10.67,94.76,-2.33,False,False,False,NORMAL
2025-09-24 15:37:24,1.0000,0.3986,0.6993,0.8090,3.65,78.67,-17.39,False,False,False,NORMAL
2025-09-24 15:37:25,1.0000,0.2930,0.6465,0.6564,1.76,102.08,-0.79,False,False,False,NORMAL
2025-09-24 15:37:26,1.0000,0.3396,0.6698,0.5957,0.22,17.71,-0.60,False,False,False,NORMAL
2025-09-24 15:37:27,1.0000,0.2507,0.6254,0.5520,0.82,30.64,0.15,False,False,False,NORMAL
2025-09-24 15:37:28,1.0000,0.2575,0.6287,0.5716,2.20,38.12,0.58,False,False,False,NORMAL
2025-09-24 15:37:29,1.0000,0.3902,0.6951,0.6222,1.41,73.27,0.81,False,True,False,WARNING
2025-09-24 15:37:30,1.0000,0.1244,0.5622,0.5921,1.96,48.25,0.71,False,False,False,NORMAL
2025-09-24 15:37:31,1.0000,0.1808,0.5904,0.5905,2.60,51.06,0.67,False,False,False,NORMAL
2025-09-24 15:37:32,1.0000,0.3606,0.6803,0.6231,-0.26,79.96,2.30,False,True,False,WARNING
2025-09-24 15:37:33,1.0000,0.1892,0.5946,0.6219,2.44,148.32,0.52,False,False,False,NORMAL
2025-09-24 15:37:34,1.0000,0.0600,0.5300,0.6486,6.57,71.33,0.30,False,False,False,NORMAL
2025-09-24 15:37:35,1.0000,0.0571,0.5286,0.6097,3.91,104.58,1.90,False,True,False,WARNING
2025-09-24 15:37:36,1.0000,0.0477,0.5239,0.6157,5.66,57.68,1.29,False,False,False,NORMAL
2025-09-24 15:37:37,1.0000,0.0491,0.5246,0.6109,5.55,51.09,1.77,False,True,False,WARNING
2025-09-24 15:37:38,1.0000,0.0717,0.5358,0.6248,4.93,62.79,0.97,False,True,False,WARNING
2025-09-24 15:37:40,1.0000,0.0668,0.5334,0.6062,4.59,48.41,1.34,False,False,False,NORMAL
2025-09-24 15:37:41,1.0000,0.0669,0.5335,0.5843,4.70,46.24,0.52,False,False,False,NORMAL
2025-09-24 15:37:42,1.0000,0.1009,0.5504,0.6059,2.21,46.94,0.26,False,False,False,NORMAL
2025-09-24 15:37:43,1.0000,0.1569,0.5784,0.6019,3.55,47.65,-0.10,False,False,False,NORMAL
2025-09-24 15:37:44,1.0000,0.3506,0.6753,0.6005,3.28,36.55,0.03,False,False,False,NORMAL
2025-09-24 15:37:45,1.0000,0.4146,0.7073,0.5612,13.97,83.41,-3.72,False,False,False,NORMAL
2025-09-24 15:37:46,1.0000,0.2680,0.6340,0.4798,49.49,70.55,-16.05,False,False,True,WARNING
2025-09-24 15:37:47,1.0000,0.3356,0.6678,0.3810,57.54,122.39,-15.41,False,False,True,WARNING
2025-09-24 15:37:48,1.0000,0.4102,0.7051,0.3413,65.86,144.14,-20.03,False,False,True,WARNING
2025-09-24 15:37:49,1.0000,0.2641,0.6321,0.5799,-11.83,82.06,3.02,False,False,False,NORMAL
2025-09-24 15:37:50,1.0000,0.4013,0.7007,0.8880,-25.57,140.29,4.32,False,False,True,WARNING
2025-09-24 15:37:51,1.0000,0.4148,0.7074,0.8147,-19.19,200.70,2.26,False,False,False,NORMAL
2025-09-24 15:37:52,1.0000,0.3655,0.6828,0.5331,3.50,50.65,0.99,False,False,False,NORMAL
2025-09-24 15:37:53,1.0000,0.3204,0.6602,0.7674,-26.48,106.62,5.03,False,True,True,CRITICAL
2025-09-24 15:37:54,1.0000,0.2687,0.6344,0.7903,-31.37,73.92,4.64,False,True,True,CRITICAL
2025-09-24 15:37:55,1.0000,0.3019,0.6509,0.8261,-31.76,72.67,4.23,False,True,True,CRITICAL
2025-09-24 15:37:56,1.0000,0.3998,0.6999,0.8182,-32.19,73.98,4.44,False,True,True,CRITICAL
2025-09-24 15:37:57,1.0000,0.3665,0.6833,0.7836,-31.94,84.20,5.92,False,True,True,CRITICAL
2025-09-24 15:37:58,1.0000,0.3998,0.6999,0.8218,-30.95,86.83,4.48,False,True,True,CRITICAL
2025-09-24 15:37:59,1.0000,0.3864,0.6932,0.7942,-31.15,83.67,4.90,False,True,True,CRITICAL
2025-09-24 15:38:00,1.0000,0.3809,0.6904,0.7750,-31.14,83.41,4.97,False,False,True,WARNING
2025-09-24 15:38:01,1.0000,0.1291,0.5646,0.6895,-8.13,131.67,1.27,False,False,False,NORMAL
2025-09-24 15:38:02,1.0000,0.2482,0.6241,0.6185,-1.28,45.20,0.41,False,True,False,WARNING
2025-09-24 15:38:03,1.0000,0.0562,0.5281,0.5898,-0.07,38.55,0.77,False,False,False,NORMAL
2025-09-24 15:38:04,1.0000,0.3051,0.6526,0.6396,-7.94,67.65,2.67,False,True,False,WARNING
2025-09-24 15:38:05,1.0000,0.4892,0.7446,0.6438,-10.48,75.64,4.15,False,False,False,NORMAL
2025-09-24 15:38:06,1.0000,0.0747,0.5373,0.6573,-1.46,87.93,-0.17,False,True,False,WARNING
2025-09-24 15:38:07,1.0000,0.2404,0.6202,0.6353,-0.08,88.79,0.98,False,True,False,WARNING
2025-09-24 15:38:08,1.0000,0.2019,0.6010,0.6549,-2.56,61.06,0.49,False,True,False,WARNING
2025-09-24 15:38:09,1.0000,0.1205,0.5602,0.6401,-2.65,53.38,0.45,False,True,False,WARNING
2025-09-24 15:38:11,1.0000,0.1944,0.5972,0.6199,3.24,62.78,0.31,False,True,False,WARNING
2025-09-24 15:38:12,1.0000,0.1057,0.5528,0.5574,12.94,69.70,-1.95,False,False,False,NORMAL
2025-09-24 15:38:13,1.0000,0.0806,0.5403,0.5621,14.38,70.62,-2.64,False,False,False,NORMAL
2025-09-24 15:38:14,1.0000,0.0930,0.5465,0.5648,14.94,72.04,-2.44,False,False,False,NORMAL
2025-09-24 15:38:15,1.0000,0.0843,0.5421,0.5597,15.81,68.04,-2.59,False,False,False,NORMAL
2025-09-24 15:38:16,1.0000,0.4918,0.7459,0.5455,15.02,83.37,-2.68,False,False,False,NORMAL
2025-09-24 15:38:17,1.0000,0.1330,0.5665,0.5666,15.58,72.62,-3.39,False,False,False,NORMAL
2025-09-24 15:38:18,1.0000,0.1518,0.5759,0.5719,16.97,79.52,-4.13,False,False,False,NORMAL
2025-09-24 15:38:19,1.0000,0.4623,0.7312,0.4899,4.82,40.84,1.86,False,False,False,NORMAL
2025-09-24 15:38:20,1.0000,0.4974,0.7487,0.5713,3.28,91.78,1.23,False,False,False,NORMAL
2025-09-24 15:38:21,1.0000,0.3899,0.6950,0.5994,1.13,54.26,-0.07,False,True,False,WARNING
2025-09-24 15:38:22,1.0000,0.4555,0.7278,0.6545,-0.07,68.52,1.30,False,True,False,WARNING
2025-09-24 15:38:23,1.0000,0.4606,0.7303,0.5618,1.96,72.94,0.49,False,False,False,NORMAL
2025-09-24 15:38:24,1.0000,0.4633,0.7316,0.6525,-0.08,101.27,0.71,False,True,False,WARNING
2025-09-24 15:38:25,1.0000,0.4538,0.7269,0.6402,1.45,84.02,0.15,False,False,False,NORMAL
2025-09-24 15:38:26,1.0000,0.4690,0.7345,0.6235,1.98,80.31,0.14,False,True,False,WARNING
2025-09-24 15:38:27,1.0000,0.4211,0.7105,0.6196,1.89,76.32,0.33,False,True,False,WARNING
2025-09-24 15:38:28,1.0000,0.3204,0.6602,0.8408,17.82,72.36,-9.18,False,True,False,WARNING
2025-09-24 15:38:29,1.0000,0.3294,0.6647,0.5010,6.65,36.74,-0.02,False,False,False,NORMAL
2025-09-24 15:38:30,1.0000,0.3784,0.6892,0.6328,1.84,121.78,0.39,False,True,False,WARNING
2025-09-24 15:38:31,1.0000,0.2785,0.6393,0.4759,3.42,26.03,2.98,False,False,False,NORMAL
2025-09-24 15:38:32,1.0000,0.2921,0.6461,0.4558,6.68,39.31,1.24,False,False,False,NORMAL
2025-09-25 10:37:04,1.0000,0.1609,0.5805,0.8219,-48.25,122.33,-7.50,False,False,True,WARNING
2025-09-25 10:37:08,1.0000,0.1528,0.5764,0.6187,41.70,112.93,-15.02,False,False,True,WARNING
2025-09-25 10:37:09,1.0000,0.4137,0.7069,0.5178,7.69,88.09,7.60,False,False,False,NORMAL
2025-09-25 10:37:23,1.0000,1.0000,1.0000,0.4346,7.15,66.26,16.20,False,False,False,NORMAL
2025-09-25 10:37:24,1.0000,0.2818,0.6409,0.5481,-2.86,11.99,2.76,False,False,False,NORMAL
2025-09-25 10:37:25,1.0000,0.3944,0.6972,0.5165,1.83,33.64,4.65,False,False,False,NORMAL
2025-09-25 10:37:26,1.0000,0.2743,0.6371,0.6218,0.33,36.48,0.25,False,True,False,WARNING
2025-09-25 10:37:27,1.0000,0.3680,0.6840,0.4676,5.53,72.07,4.33,False,False,False,NORMAL
2025-09-25 10:37:28,1.0000,0.3337,0.6668,0.5979,-0.30,80.53,3.67,False,False,False,NORMAL
2025-09-25 10:37:29,1.0000,0.3798,0.6899,0.5866,2.35,60.33,1.62,False,False,False,NORMAL
2025-09-25 10:37:30,1.0000,0.3458,0.6729,0.5863,2.84,47.60,1.93,False,False,False,NORMAL
2025-09-25 10:37:31,1.0000,0.2788,0.6394,0.5194,3.92,29.08,0.28,False,True,False,WARNING
2025-09-25 10:37:32,1.0000,0.2898,0.6449,0.6497,-12.08,9.71,-2.63,False,True,False,WARNING
2025-09-25 10:37:33,1.0000,0.1570,0.5785,0.6563,-9.62,20.89,-3.42,False,False,False,NORMAL
2025-09-25 10:37:34,1.0000,0.2025,0.6013,0.6875,-12.37,17.15,-4.17,False,True,False,WARNING
2025-09-25 10:37:36,1.0000,0.2714,0.6357,0.5944,-12.46,16.60,-2.08,False,False,False,NORMAL
2025-09-25 10:37:37,1.0000,0.2239,0.6119,0.5884,-8.51,13.82,-0.79,False,False,False,NORMAL
2025-09-25 10:37:38,1.0000,0.4151,0.7076,0.5442,4.57,38.51,12.30,False,False,False,NORMAL
2025-09-25 10:37:39,1.0000,0.2707,0.6354,0.5497,0.17,11.17,-0.18,False,True,False,WARNING
2025-09-25 10:37:40,1.0000,0.2585,0.6292,0.6361,-1.40,4.01,0.41,False,True,False,WARNING
2025-09-25 10:37:41,1.0000,0.2319,0.6159,0.9076,-51.41,97.07,3.08,False,True,True,CRITICAL
2025-09-25 10:37:42,1.0000,0.3785,0.6893,1.1642,-37.17,89.95,-8.33,False,True,True,CRITICAL
2025-09-25 10:37:43,1.0000,0.3127,0.6563,0.7756,-14.13,12.34,-2.74,False,False,False,NORMAL
2025-09-25 10:37:44,1.0000,0.3103,0.6551,0.5465,0.75,24.06,0.88,False,False,False,NORMAL
2025-09-25 10:37:45,1.0000,0.2917,0.6459,0.5411,0.90,16.70,0.96,False,False,False,NORMAL
2025-09-25 10:37:46,1.0000,0.2533,0.6266,0.5881,-1.82,24.82,-0.88,False,True,False,WARNING
2025-09-25 10:37:47,1.0000,0.2960,0.6480,0.8481,-10.32,39.33,-5.13,False,True,False,WARNING
2025-09-25 10:37:48,1.0000,0.2857,0.6428,0.5425,0.01,15.50,0.68,False,False,False,NORMAL
2025-09-25 10:37:49,1.0000,0.3231,0.6615,0.4930,7.04,25.71,1.90,False,False,False,NORMAL
2025-09-25 10:37:50,1.0000,0.4056,0.7028,0.7319,-13.89,133.75,3.12,False,True,False,WARNING
2025-09-25 10:38:08,0.5486,0.4254,0.4870,1.1896,-19.13,52.94,-10.03,False,False,False,NORMAL
2025-09-25 10:38:09,1.0000,0.2901,0.6450,0.6110,-8.74,34.86,-1.27,False,False,False,NORMAL
2025-09-25 10:38:11,1.0000,0.2042,0.6021,0.9641,-4.07,66.79,-7.84,False,True,False,WARNING
2025-09-25 10:38:12,1.0000,0.4929,0.7465,0.4412,-2.11,23.34,7.37,False,True,False,WARNING
2025-09-25 10:38:13,1.0000,0.2830,0.6415,0.3877,15.45,24.75,10.46,False,False,False,NORMAL
2025-09-25 10:38:14,1.0000,0.2174,0.6087,0.5316,13.05,22.28,10.50,False,True,False,WARNING
2025-09-25 10:38:15,1.0000,0.2355,0.6177,0.3555,16.52,31.23,10.72,False,False,False,NORMAL
2025-09-25 10:38:16,1.0000,0.3180,0.6590,0.4250,13.92,19.00,9.64,False,True,False,WARNING
2025-09-25 10:38:17,1.0000,0.3294,0.6647,0.6018,2.69,9.14,-3.41,False,True,False,WARNING
2025-09-25 10:38:18,1.0000,0.3096,0.6548,0.6350,-6.29,-1.90,-3.70,False,True,False,WARNING
2025-09-25 10:38:19,1.0000,0.2870,0.6435,0.4166,1.36,1.32,3.64,False,False,False,NORMAL
2025-09-25 10:38:20,1.0000,0.3653,0.6827,0.3329,17.07,14.47,8.95,False,False,False,NORMAL
2025-09-25 10:38:21,1.0000,0.3440,0.6720,0.3250,12.14,15.67,9.04,False,False,False,NORMAL
2025-09-25 10:38:22,1.0000,0.3926,0.6963,0.5187,-3.19,10.97,2.27,False,True,False,WARNING
2025-09-25 10:38:23,1.0000,0.3086,0.6543,0.5823,-5.12,-6.51,-1.14,False,True,False,WARNING
2025-09-25 10:38:24,1.0000,0.5040,0.7520,0.3368,4.05,21.97,9.40,False,False,False,NORMAL
2025-09-25 10:38:25,1.0000,0.2697,0.6348,0.3393,12.37,24.51,10.10,False,False,False,NORMAL
2025-09-25 10:38:26,1.0000,0.3663,0.6832,0.4925,-2.12,3.25,3.03,False,False,False,NORMAL
2025-09-25 10:38:27,1.0000,0.4141,0.7071,0.3438,11.60,24.68,9.81,False,False,False,NORMAL
2025-09-25 10:38:28,1.0000,0.2736,0.6368,0.3914,14.93,29.53,9.98,False,False,False,NORMAL
2025-09-25 10:38:29,1.0000,0.3362,0.6681,0.4187,13.57,33.16,10.01,False,False,False,NORMAL
2025-09-25 10:38:30,1.0000,0.3002,0.6501,0.6224,-5.52,35.61,-0.25,False,True,False,WARNING
2025-09-25 10:38:31,1.0000,0.3788,0.6894,0.6188,3.36,51.47,-0.61,False,True,False,WARNING
2025-09-25 10:38:32,1.0000,0.2881,0.6440,0.6129,-2.53,20.17,0.75,False,False,False,NORMAL
2025-09-25 10:38:33,1.0000,0.3107,0.6554,0.5733,2.06,22.71,0.68,False,True,False,WARNING
2025-09-25 10:38:34,1.0000,0.3539,0.6770,0.5469,-1.97,24.38,2.86,False,True,False,WARNING
2025-09-25 10:38:35,1.0000,0.3298,0.6649,0.5920,-7.75,18.02,1.65,False,True,False,WARNING
2025-09-25 10:38:36,1.0000,0.3224,0.6612,0.5752,-6.49,23.16,1.38,False,False,False,NORMAL
2025-09-25 10:38:37,1.0000,0.3267,0.6633,0.5592,-0.54,25.18,2.03,False,False,False,NORMAL
2025-09-25 10:38:38,1.0000,0.3495,0.6748,0.5627,-2.79,21.47,1.32,False,True,False,WARNING
2025-09-25 10:38:40,1.0000,0.3291,0.6646,0.5641,-2.47,27.93,2.40,False,True,False,WARNING
2025-09-25 10:38:41,1.0000,0.3246,0.6623,0.5726,-1.39,27.40,2.35,False,True,False,WARNING
2025-09-25 10:38:42,1.0000,0.3147,0.6573,0.5706,-2.00,28.12,1.97,False,True,False,WARNING
2025-09-25 10:38:43,1.0000,0.3044,0.6522,0.5753,-2.47,24.56,1.16,False,True,False,WARNING
2025-09-25 10:38:44,1.0000,0.2723,0.6361,0.6247,-2.54,42.63,1.04,False,True,False,WARNING
2025-09-25 10:38:45,1.0000,0.2906,0.6453,0.4831,4.07,25.25,2.18,False,False,False,NORMAL
2025-09-25 10:38:46,1.0000,0.3034,0.6517,0.6031,-5.71,38.83,1.90,False,True,False,WARNING
2025-09-25 10:38:47,1.0000,0.3186,0.6593,0.6129,-0.74,34.88,0.99,False,False,False,NORMAL
2025-09-25 10:38:48,1.0000,0.3061,0.6530,0.6487,-8.58,44.95,0.70,False,True,False,WARNING
2025-09-25 10:38:49,1.0000,0.2970,0.6485,0.5215,1.56,27.09,2.50,False,False,False,NORMAL
2025-09-25 10:38:50,1.0000,0.2884,0.6442,0.5224,5.68,27.77,3.34,False,False,False,NORMAL
2025-09-25 10:38:51,1.0000,0.2854,0.6427,0.5959,-4.49,33.93,1.87,False,True,False,WARNING
2025-09-25 10:38:52,1.0000,0.2902,0.6451,0.6100,-5.81,33.07,1.75,False,True,False,WARNING
2025-09-25 10:38:53,1.0000,0.3064,0.6532,0.6191,-10.07,33.70,2.44,False,False,False,NORMAL
2025-09-25 10:38:54,1.0000,0.3059,0.6529,0.5514,-1.83,21.09,2.02,False,False,False,NORMAL
2025-09-25 10:38:55,1.0000,0.3342,0.6671,0.5752,0.57,33.11,1.85,False,False,False,NORMAL
2025-09-25 10:38:56,1.0000,0.2813,0.6407,0.5976,-2.01,37.00,1.25,False,True,False,WARNING
2025-09-25 10:38:57,1.0000,0.3079,0.6539,0.6386,-8.32,32.15,1.14,False,False,False,NORMAL
2025-09-25 10:38:58,1.0000,0.2902,0.6451,0.5884,-3.35,24.97,1.11,False,False,False,NORMAL
2025-09-25 10:38:59,1.0000,0.3072,0.6536,0.5640,-2.23,25.98,1.85,False,False,False,NORMAL
2025-09-25 10:39:00,1.0000,0.2909,0.6454,0.5568,-1.62,21.25,2.17,False,True,False,WARNING
2025-09-25 10:39:01,1.0000,0.2561,0.6281,0.5127,1.85,23.44,2.14,False,False,False,NORMAL
2025-09-25 10:39:02,1.0000,0.1880,0.5940,0.5850,1.92,25.50,0.77,False,True,False,WARNING
2025-09-25 10:39:03,1.0000,0.3001,0.6500,0.5627,1.89,25.66,2.33,False,True,False,WARNING
2025-09-25 10:39:04,1.0000,0.2767,0.6384,0.5509,0.89,23.94,1.71,False,False,False,NORMAL
2025-09-25 10:39:05,1.0000,0.2783,0.6391,0.5980,-2.40,27.52,1.46,False,True,False,WARNING
2025-09-25 10:39:06,1.0000,0.2858,0.6429,0.5901,-3.20,23.00,1.27,False,True,False,WARNING
2025-09-25 10:39:07,1.0000,0.3054,0.6527,0.5315,7.76,11.93,2.42,False,True,False,WARNING
2025-09-25 10:39:08,1.0000,0.4958,0.7479,1.1495,-24.23,51.96,-10.93,False,True,False,WARNING
2025-09-25 10:39:09,1.0000,0.1912,0.5956,0.3003,16.42,26.74,10.28,False,False,False,NORMAL
2025-09-25 10:39:10,1.0000,0.3994,0.6997,0.3515,11.80,21.87,9.87,False,False,False,NORMAL
2025-09-25 10:39:11,1.0000,0.2519,0.6260,0.3941,-1.03,20.62,6.89,False,False,False,NORMAL
2025-09-25 10:39:12,1.0000,0.3061,0.6531,0.5539,-8.22,17.95,1.87,False,True,False,WARNING
2025-09-25 10:39:13,1.0000,0.5184,0.7592,0.4376,-3.70,38.98,11.69,False,False,False,NORMAL
2025-09-25 10:39:15,1.0000,0.0978,0.5489,0.4137,20.57,79.32,12.90,False,True,False,WARNING
2025-09-25 10:39:16,1.0000,0.0903,0.5452,0.6148,-5.46,83.48,4.25,False,True,False,WARNING
2025-09-25 10:39:17,1.0000,0.0758,0.5379,0.6356,-4.55,128.95,1.73,False,True,False,WARNING
2025-09-25 10:39:18,1.0000,0.3392,0.6696,1.0708,-12.22,73.22,-9.66,False,True,False,WARNING
2025-09-25 10:39:19,1.0000,0.2785,0.6393,0.9720,-8.03,36.99,-6.09,False,True,False,WARNING
2025-09-25 10:39:20,1.0000,0.1688,0.5844,0.4619,-6.32,14.74,6.15,False,False,False,NORMAL
2025-09-25 10:39:21,1.0000,0.3985,0.6993,0.3778,6.18,20.91,9.34,False,False,False,NORMAL
2025-09-25 10:39:22,1.0000,0.2105,0.6053,0.6830,-9.65,16.69,-2.76,False,True,False,WARNING
2025-09-25 10:39:23,1.0000,0.2561,0.6280,0.6047,-9.67,24.44,1.47,False,False,False,NORMAL
2025-09-25 10:39:24,1.0000,0.5528,0.7764,0.3726,1.28,28.92,9.08,False,False,False,NORMAL
2025-09-25 10:39:25,1.0000,0.3756,0.6878,0.3765,8.76,22.60,9.54,False,False,False,NORMAL
2025-09-25 10:39:26,1.0000,0.3600,0.6800,0.3813,9.28,16.76,8.94,False,False,False,NORMAL
2025-09-25 10:39:27,1.0000,0.2880,0.6440,0.5688,-3.46,23.10,1.59,False,True,False,WARNING
2025-09-25 10:39:28,1.0000,0.3159,0.6580,0.4422,2.77,25.28,4.59,False,False,False,NORMAL
2025-09-25 10:39:29,1.0000,0.3250,0.6625,0.4535,1.71,19.55,4.04,False,True,False,WARNING
2025-09-25 10:39:30,1.0000,0.3380,0.6690,0.4657,1.89,22.02,4.17,False,True,False,WARNING
2025-09-25 10:39:31,1.0000,0.1604,0.5802,0.3056,17.68,30.74,10.35,False,False,False,NORMAL
2025-09-25 10:39:32,1.0000,0.4907,0.7453,0.3683,12.49,29.03,9.21,False,False,False,NORMAL
2025-09-25 10:39:33,1.0000,0.1784,0.5892,0.4490,17.79,32.13,11.33,False,False,False,NORMAL
2025-09-25 10:39:34,1.0000,0.2087,0.6044,0.2754,22.73,35.60,10.51,False,False,False,NORMAL
2025-09-25 10:39:35,1.0000,0.2833,0.6417,0.6158,-6.74,30.94,1.49,False,True,False,WARNING
2025-09-25 10:39:36,1.0000,0.2505,0.6252,0.5044,7.13,35.38,2.58,False,False,False,NORMAL
2025-09-25 10:39:37,1.0000,0.3047,0.6524,0.5047,7.53,36.78,2.37,False,False,False,NORMAL
2025-09-25 10:39:39,1.0000,0.2731,0.6366,0.5243,6.02,33.64,2.25,False,True,False,WARNING
2025-09-25 10:39:40,1.0000,0.5010,0.7505,0.5259,6.10,99.21,6.00,False,True,False,WARNING
2025-09-25 10:39:41,1.0000,0.4028,0.7014,0.9967,-10.97,44.28,-7.26,False,True,False,WARNING
2025-09-25 10:39:42,1.0000,0.3946,0.6973,1.1361,-5.59,58.31,-7.99,False,True,False,WARNING
2025-09-25 10:39:43,1.0000,0.3819,0.6910,0.4540,-16.49,30.27,8.11,False,True,False,WARNING
2025-09-25 10:39:44,1.0000,0.4046,0.7023,0.3315,6.88,31.91,10.40,False,False,False,NORMAL
2025-09-25 10:39:45,1.0000,0.2097,0.6048,0.5350,11.04,35.75,11.21,False,True,False,WARNING
2025-09-25 10:39:46,1.0000,0.2125,0.6062,0.4042,15.88,39.70,10.93,False,True,False,WARNING
2025-09-25 10:39:47,1.0000,0.2949,0.6474,0.5707,-3.04,27.31,1.37,False,True,False,WARNING
2025-09-25 10:39:48,1.0000,0.3250,0.6625,0.5321,1.23,32.21,3.70,False,False,False,NORMAL
2025-09-25 10:39:49,1.0000,0.2886,0.6443,0.5830,-3.38,23.28,1.34,False,True,False,WARNING
2025-09-25 10:39:50,1.0000,0.3060,0.6530,0.5264,-1.90,23.45,1.99,False,False,False,NORMAL
2025-09-25 10:39:51,1.0000,0.3497,0.6749,0.4306,1.21,15.82,4.19,False,False,False,NORMAL
2025-09-25 10:39:52,1.0000,0.2341,0.6171,0.3278,13.03,12.57,9.20,False,False,False,NORMAL
2025-09-25 10:39:53,1.0000,0.4219,0.7109,1.2172,-20.06,52.03,-9.35,False,True,False,WARNING
2025-09-25 10:39:54,1.0000,0.4801,0.7401,1.2261,-17.88,43.60,-8.10,False,False,False,NORMAL
2025-09-25 10:39:55,1.0000,0.3924,0.6962,0.9929,-7.30,37.63,-6.20,False,False,False,NORMAL
2025-09-25 10:39:56,1.0000,0.3234,0.6617,0.4768,-7.08,18.00,4.02,False,False,False,NORMAL
2025-09-25 10:39:57,1.0000,0.3088,0.6544,0.5197,-9.46,19.37,4.27,False,True,False,WARNING
2025-09-25 10:39:58,1.0000,0.4141,0.7071,0.3812,1.51,10.86,6.88,False,False,False,NORMAL
2025-09-25 10:39:59,1.0000,0.3615,0.6807,0.3965,-8.36,8.08,7.02,False,False,False,NORMAL
2025-09-25 10:40:00,1.0000,0.2840,0.6420,0.5902,-11.65,30.05,2.58,False,True,False,WARNING
2025-09-25 10:40:01,1.0000,0.2964,0.6482,0.5576,-7.60,18.69,1.83,False,False,False,NORMAL
2025-09-25 10:40:02,1.0000,0.3448,0.6724,0.4827,-10.41,-0.23,3.57,False,False,False,NORMAL
2025-09-25 10:40:03,1.0000,0.3402,0.6701,0.3829,-2.22,9.94,5.14,False,False,False,NORMAL
2025-09-25 10:40:04,1.0000,0.3108,0.6554,0.4780,-0.78,16.37,3.69,False,True,False,WARNING
2025-09-25 10:40:05,1.0000,0.3243,0.6622,0.5037,-3.65,15.99,3.07,False,False,False,NORMAL
2025-09-25 10:40:06,1.0000,0.2919,0.6459,0.5136,-4.14,19.23,2.54,False,True,False,WARNING
2025-09-25 10:40:07,1.0000,0.2940,0.6470,0.4915,-3.72,11.02,2.26,False,True,False,WARNING
2025-09-25 10:40:08,1.0000,0.2970,0.6485,0.4285,-5.37,8.31,4.22,False,True,False,WARNING
2025-09-25 10:40:09,1.0000,0.4887,0.7443,0.3897,12.73,16.14,8.26,False,False,False,NORMAL
2025-09-25 10:40:10,1.0000,0.2942,0.6471,0.4608,3.26,14.53,2.52,False,True,False,WARNING
2025-09-25 10:40:11,1.0000,0.2676,0.6338,0.4830,2.56,20.18,2.54,False,True,False,WARNING
2025-09-25 10:40:12,1.0000,0.3879,0.6939,0.4183,17.13,24.95,9.31,False,False,False,NORMAL
2025-09-25 10:40:13,1.0000,0.1845,0.5922,0.4778,13.65,42.79,11.87,False,True,False,WARNING
2025-09-25 10:40:14,1.0000,0.4110,0.7055,0.5931,-10.27,38.60,-2.30,False,True,False,WARNING
2025-09-25 10:40:15,1.0000,0.3538,0.6769,0.6266,3.97,22.19,-3.01,False,True,False,WARNING
2025-09-25 10:40:16,1.0000,0.3531,0.6766,0.5185,6.36,20.30,-2.40,False,True,False,WARNING
2025-09-25 10:40:17,1.0000,0.3353,0.6676,0.7117,2.82,18.72,-0.51,False,True,False,WARNING
2025-09-25 10:40:18,1.0000,0.3396,0.6698,0.7348,1.96,19.96,-1.99,False,True,False,WARNING
2025-09-25 10:40:19,1.0000,0.3587,0.6793,0.6419,0.45,18.31,-3.13,False,True,False,WARNING
2025-09-25 10:40:20,1.0000,0.3716,0.6858,0.4713,6.08,35.63,-6.54,False,True,False,WARNING
2025-09-25 10:40:21,1.0000,0.4131,0.7066,0.6677,4.84,40.02,-7.78,False,True,False,WARNING
2025-09-25 10:40:22,1.0000,0.2509,0.6254,0.4665,6.54,83.26,-10.72,False,True,False,WARNING
2025-09-25 10:40:23,1.0000,0.3729,0.6865,0.5701,-4.05,49.72,-1.31,False,True,False,WARNING
2025-09-25 10:40:24,1.0000,0.3688,0.6844,0.5795,-8.92,56.97,2.40,False,True,False,WARNING
2025-09-25 10:40:25,1.0000,0.4112,0.7056,0.5581,-23.45,76.55,5.85,False,True,False,WARNING
2025-09-25 10:40:26,1.0000,0.4057,0.7029,0.5857,-19.30,79.66,4.77,False,True,False,WARNING
2025-09-25 10:40:27,1.0000,0.3882,0.6941,0.5868,1.18,73.84,-8.16,False,True,False,WARNING
2025-09-25 10:40:28,1.0000,0.4439,0.7220,0.5730,-2.57,86.17,-8.14,False,True,False,WARNING
2025-09-25 10:40:29,1.0000,0.4750,0.7375,0.7908,-12.33,29.71,-3.52,False,False,False,NORMAL
2025-09-25 10:40:30,1.0000,0.4174,0.7087,0.9324,-10.73,27.29,-5.59,False,True,False,WARNING
2025-09-25 10:40:31,1.0000,0.4796,0.7398,0.2965,-4.73,23.99,8.47,False,False,False,NORMAL
2025-09-25 10:40:32,1.0000,0.3884,0.6942,0.5740,-13.49,25.99,5.97,False,True,False,WARNING
2025-09-25 10:40:33,1.0000,0.4424,0.7212,0.4776,-13.67,29.43,7.59,False,True,False,WARNING
2025-09-25 10:40:34,1.0000,0.4301,0.7151,0.5126,-12.77,37.68,6.96,False,False,False,NORMAL
2025-09-25 10:40:36,1.0000,0.4624,0.7312,0.6309,-7.71,67.71,2.89,False,True,False,WARNING
2025-09-25 10:40:37,1.0000,0.1908,0.5954,0.4715,1.43,13.98,4.11,False,True,False,WARNING
2025-09-25 10:40:38,1.0000,0.2636,0.6318,0.2984,16.08,14.17,9.57,False,False,False,NORMAL
2025-09-25 10:40:39,1.0000,0.3638,0.6819,0.3669,-0.13,2.70,7.98,False,False,False,NORMAL
2025-09-25 10:40:40,1.0000,0.1407,0.5703,0.4222,16.43,25.53,10.56,False,False,False,NORMAL
2025-09-25 10:40:41,1.0000,0.4906,0.7453,0.5074,25.15,67.35,14.77,False,True,True,CRITICAL
2025-09-25 10:40:42,1.0000,0.2114,0.6057,0.3437,17.44,33.82,10.51,False,True,False,WARNING
2025-09-25 10:40:43,1.0000,0.2894,0.6447,0.4998,-3.08,16.68,2.74,False,True,False,WARNING
2025-09-25 10:40:44,1.0000,0.2792,0.6396,0.5314,-3.45,21.55,2.67,False,False,False,NORMAL
2025-09-25 10:40:45,1.0000,0.2502,0.6251,0.5688,-4.59,14.29,1.79,False,True,False,WARNING
2025-09-25 10:40:46,1.0000,0.3324,0.6662,0.6500,-2.72,9.28,-3.68,False,False,False,NORMAL
2025-09-25 10:40:47,1.0000,0.2964,0.6482,0.5484,-2.44,22.43,2.11,False,False,False,NORMAL
2025-09-25 10:40:48,1.0000,0.1820,0.5910,0.5755,-6.79,21.12,1.61,False,True,False,WARNING
2025-09-25 10:40:49,1.0000,0.5679,0.7840,0.6557,3.07,64.87,10.81,False,True,False,WARNING
2025-09-25 10:40:54,1.0000,0.1372,0.5686,0.4191,26.85,81.68,10.65,False,True,True,CRITICAL
2025-09-25 10:40:55,1.0000,0.3903,0.6952,0.8769,-15.36,24.42,-5.02,False,False,False,NORMAL
2025-09-25 10:40:56,1.0000,0.3986,0.6993,0.7020,-5.83,26.34,-2.88,False,True,False,WARNING
2025-09-25 10:40:57,1.0000,0.2307,0.6154,0.9469,-10.79,33.24,-5.18,False,True,False,WARNING
2025-09-25 10:40:58,1.0000,0.3076,0.6538,0.5236,-1.58,25.79,3.01,False,False,False,NORMAL
2025-09-25 10:40:59,1.0000,0.2503,0.6251,0.4987,-4.82,18.77,4.17,False,True,False,WARNING
2025-09-25 10:41:00,1.0000,0.2982,0.6491,0.5667,-5.39,24.23,3.13,False,True,False,WARNING
2025-09-25 10:41:01,1.0000,0.2274,0.6137,0.4914,-3.57,13.07,4.09,False,False,False,NORMAL
2025-09-25 10:41:02,1.0000,0.4804,0.7402,0.3863,-5.55,20.95,8.59,False,False,False,NORMAL
2025-09-25 10:41:04,1.0000,0.4480,0.7240,0.3768,-5.02,18.22,8.30,False,False,False,NORMAL
2025-09-25 10:41:05,1.0000,0.4874,0.7437,0.3768,2.22,23.62,8.72,False,False,False,NORMAL
2025-09-25 10:41:06,1.0000,0.2853,0.6426,0.5832,-6.01,22.89,2.56,False,True,False,WARNING
2025-09-25 10:41:07,1.0000,0.3342,0.6671,0.6392,-6.90,41.79,1.09,False,True,False,WARNING
2025-09-25 10:41:08,1.0000,0.2779,0.6389,0.6019,4.50,27.75,-0.93,False,True,False,WARNING
2025-09-25 10:41:09,1.0000,0.3057,0.6528,0.6465,-2.26,34.24,-0.75,False,True,False,WARNING
2025-09-25 10:41:10,1.0000,0.3477,0.6739,0.6575,-5.07,34.78,-0.47,False,True,False,WARNING
2025-09-25 10:41:11,1.0000,0.3609,0.6804,0.6300,-3.86,35.33,0.17,False,True,False,WARNING
2025-09-25 10:41:12,1.0000,0.2634,0.6317,0.6539,-3.77,-17.98,-3.58,False,False,False,NORMAL
2025-09-25 10:41:13,1.0000,0.3233,0.6617,0.7705,-14.57,20.20,-2.29,False,True,False,WARNING
2025-09-25 10:41:14,1.0000,0.3491,0.6746,0.6128,-3.40,35.89,0.84,False,True,False,WARNING
2025-09-25 10:41:15,1.0000,0.3649,0.6825,0.6417,-5.51,33.10,0.16,False,True,False,WARNING
2025-09-25 10:41:16,1.0000,0.3904,0.6952,0.6339,-5.23,38.93,0.81,False,False,False,NORMAL
2025-09-25 10:41:17,1.0000,0.3473,0.6737,0.6397,-5.48,35.09,0.61,False,True,False,WARNING
2025-09-25 10:41:18,1.0000,0.3546,0.6773,0.6350,-8.97,45.54,1.11,False,True,False,WARNING
2025-09-25 10:41:19,1.0000,0.3029,0.6515,0.6006,-3.69,27.29,1.37,False,True,False,WARNING
2025-09-25 10:41:20,1.0000,0.2851,0.6425,0.6070,-4.95,28.35,1.07,False,True,False,WARNING
2025-09-25 10:41:21,1.0000,0.3270,0.6635,0.5766,-2.54,22.73,1.25,False,False,False,NORMAL
2025-09-25 10:41:22,1.0000,0.3712,0.6856,0.6514,-5.96,35.45,0.93,False,True,False,WARNING
2025-09-25 10:41:23,1.0000,0.2858,0.6429,0.5837,-0.24,11.74,-0.68,False,True,False,WARNING
2025-09-25 10:41:24,1.0000,0.2549,0.6275,0.5702,4.31,7.26,-1.72,False,False,False,NORMAL
2025-09-25 10:41:25,1.0000,0.3208,0.6604,0.5707,5.09,18.15,-1.27,False,False,False,NORMAL
2025-09-25 10:41:26,1.0000,0.3137,0.6569,0.5235,10.91,22.55,-0.24,False,True,False,WARNING
2025-09-25 10:41:27,1.0000,0.2873,0.6436,0.5478,6.05,13.81,-1.74,False,True,False,WARNING
2025-09-25 10:41:28,1.0000,0.2916,0.6458,0.5943,2.61,19.89,-1.78,False,True,False,WARNING
2025-09-25 10:41:29,1.0000,0.3340,0.6670,0.5341,8.56,29.40,0.08,False,False,False,NORMAL
2025-09-25 10:41:30,1.0000,0.3495,0.6747,0.5158,7.00,22.33,0.04,False,True,False,WARNING
2025-09-25 10:41:31,1.0000,0.3019,0.6510,0.5608,3.22,17.82,-0.52,False,True,False,WARNING
2025-09-25 10:41:32,1.0000,0.3121,0.6561,0.6107,0.89,22.28,-1.27,False,True,False,WARNING
2025-09-25 10:41:33,1.0000,0.2922,0.6461,0.5720,2.81,14.10,-1.37,False,False,False,NORMAL
2025-09-25 10:41:34,1.0000,0.2707,0.6353,0.5525,3.00,13.88,0.53,False,False,False,NORMAL
2025-09-25 10:41:35,1.0000,0.2422,0.6211,0.5232,8.42,10.97,0.32,False,True,False,WARNING
2025-09-25 10:41:36,1.0000,0.3027,0.6514,0.5619,3.03,26.34,1.10,False,True,False,WARNING
2025-09-25 10:41:37,1.0000,0.2939,0.6470,0.5634,4.13,29.08,1.18,False,True,False,WARNING
2025-09-25 10:41:38,1.0000,0.1969,0.5985,0.4124,11.96,27.96,11.46,False,False,False,NORMAL
2025-09-25 10:41:39,1.0000,0.4419,0.7210,0.2968,11.13,41.23,10.52,False,False,False,NORMAL
2025-09-25 10:41:40,1.0000,0.3058,0.6529,0.3828,12.92,31.25,10.00,False,False,False,NORMAL
2025-09-25 10:41:41,1.0000,0.2947,0.6473,0.5484,11.52,64.26,16.28,False,True,False,WARNING
2025-09-25 10:41:43,1.0000,0.4268,0.7134,0.6453,2.26,86.53,14.07,False,True,False,WARNING
2025-09-25 10:41:44,1.0000,0.2343,0.6171,0.4656,35.07,57.28,11.18,False,True,True,CRITICAL
2025-09-25 10:41:45,1.0000,0.2166,0.6083,0.4964,6.56,53.20,11.82,False,False,False,NORMAL
2025-09-25 10:41:46,1.0000,0.1348,0.5674,0.4906,32.55,71.30,12.44,False,False,True,WARNING
2025-09-25 10:41:47,1.0000,0.3589,0.6795,0.8711,-3.04,65.26,-11.21,False,True,False,WARNING
2025-09-25 10:41:48,1.0000,0.4719,0.7360,0.9596,-9.66,59.32,-8.71,False,True,False,WARNING
2025-09-25 10:41:49,1.0000,0.4473,0.7237,1.0237,-8.88,55.88,-9.51,False,True,False,WARNING
2025-09-25 10:41:50,1.0000,0.3311,0.6655,0.7262,-7.47,64.61,-9.55,False,True,False,WARNING
2025-09-25 10:41:52,1.0000,0.3323,0.6662,0.9234,-10.34,32.72,-5.98,False,True,False,WARNING
2025-09-25 10:41:53,1.0000,0.3200,0.6600,0.6396,-7.74,33.73,0.38,False,True,False,WARNING
2025-09-25 10:41:54,1.0000,0.3502,0.6751,0.6224,-12.99,53.44,3.32,False,True,False,WARNING
2025-09-25 10:41:55,1.0000,0.3792,0.6896,0.6226,-11.99,51.46,3.33,False,True,False,WARNING
2025-09-25 10:41:56,1.0000,0.3334,0.6667,0.5730,-3.45,34.80,3.05,False,True,False,WARNING
2025-09-25 10:41:57,1.0000,0.3364,0.6682,0.4854,3.86,17.84,2.15,False,False,False,NORMAL
2025-09-25 10:41:58,1.0000,0.2816,0.6408,0.4662,5.72,14.36,2.01,False,False,False,NORMAL
2025-09-25 10:41:59,1.0000,0.2920,0.6460,0.4550,12.55,-5.84,2.34,False,True,False,WARNING
2025-09-25 10:42:00,1.0000,0.3106,0.6553,0.5785,2.92,4.34,-3.50,False,True,False,WARNING
2025-09-25 10:42:01,1.0000,0.2805,0.6402,0.5578,2.22,-3.78,-2.03,False,True,False,WARNING
2025-09-25 10:42:02,1.0000,0.3031,0.6516,0.5044,1.32,28.01,2.93,False,False,False,NORMAL
2025-09-25 10:42:03,1.0000,0.3075,0.6537,0.5049,4.58,30.31,2.43,False,False,False,NORMAL
2025-09-25 10:42:04,1.0000,0.3251,0.6626,0.5113,-0.90,22.01,2.39,False,False,False,NORMAL
2025-09-25 10:42:05,1.0000,0.3372,0.6686,0.5256,-1.69,23.09,2.32,False,True,False,WARNING
2025-09-25 10:42:06,1.0000,0.3062,0.6531,0.5468,-0.40,23.98,1.86,False,True,False,WARNING
2025-09-25 10:42:07,1.0000,0.3134,0.6567,0.5322,1.26,20.37,2.00,False,True,False,WARNING
2025-09-25 10:42:08,1.0000,0.3260,0.6630,0.5295,0.51,23.47,1.32,False,True,False,WARNING
2025-09-25 10:42:09,1.0000,0.3126,0.6563,0.5861,-1.66,19.91,-0.21,False,True,False,WARNING
2025-09-25 10:42:10,1.0000,0.3587,0.6793,0.4922,-3.22,13.67,2.06,False,True,False,WARNING
2025-09-25 10:42:11,1.0000,0.2967,0.6484,0.6072,-4.30,13.75,-0.83,False,True,False,WARNING
2025-09-25 10:42:12,1.0000,0.2794,0.6397,0.5924,-5.34,11.00,-0.51,False,True,False,WARNING
2025-09-25 10:42:13,1.0000,0.2802,0.6401,0.5703,-2.59,15.78,0.21,False,False,False,NORMAL
2025-09-25 10:42:14,1.0000,0.2754,0.6377,0.5476,2.47,20.46,0.61,False,True,False,WARNING
2025-09-25 10:42:15,1.0000,0.3168,0.6584,0.4792,5.54,15.00,1.29,False,False,False,NORMAL
2025-09-25 10:42:16,1.0000,0.2831,0.6415,0.5339,4.59,18.20,1.14,False,True,False,WARNING
2025-09-25 10:42:17,1.0000,0.3946,0.6973,0.3321,11.46,20.60,9.57,False,False,False,NORMAL
2025-09-25 10:42:18,1.0000,0.2622,0.6311,0.5749,-1.83,12.98,0.97,False,True,False,WARNING
2025-09-25 10:42:19,1.0000,0.3222,0.6611,0.5866,0.92,22.45,1.38,False,True,False,WARNING
2025-09-25 10:42:20,1.0000,0.3014,0.6507,0.5594,2.20,20.75,1.03,False,True,False,WARNING
2025-09-25 10:42:21,1.0000,0.2973,0.6487,0.5403,4.83,25.29,0.99,False,True,False,WARNING
2025-09-25 10:42:22,1.0000,0.3043,0.6521,0.6153,-0.87,25.19,-0.50,False,True,False,WARNING
2025-09-25 10:42:23,1.0000,0.3047,0.6523,0.5706,1.06,31.58,0.71,False,False,False,NORMAL
2025-09-25 10:42:24,1.0000,0.2593,0.6296,0.5622,1.14,19.44,0.11,False,True,False,WARNING
2025-09-25 10:42:25,1.0000,0.2768,0.6384,0.5758,1.29,21.38,-0.01,False,True,False,WARNING
2025-09-25 10:42:26,1.0000,0.1193,0.5596,0.5838,-0.35,21.22,-1.07,False,True,False,WARNING
2025-09-25 10:42:27,1.0000,0.1844,0.5922,0.5802,2.39,22.20,-0.53,False,True,False,WARNING
2025-09-25 10:42:28,1.0000,0.1092,0.5546,0.5790,3.78,21.79,-0.21,False,False,False,NORMAL
2025-09-25 10:42:29,0.7903,0.3405,0.5654,1.0065,-4.54,78.04,-12.23,False,True,False,WARNING
2025-09-25 10:42:30,1.0000,0.3198,0.6599,0.5915,30.45,50.63,-8.13,False,False,True,WARNING
2025-09-25 10:42:31,1.0000,0.1665,0.5833,0.4412,50.25,-0.83,-5.23,False,False,True,WARNING
2025-09-25 10:42:32,1.0000,0.3287,0.6643,0.4774,21.57,54.99,-2.47,False,False,False,NORMAL
2025-09-25 10:42:33,1.0000,0.3887,0.6943,0.6455,0.54,99.26,-0.12,False,True,False,WARNING
2025-09-25 10:42:34,1.0000,0.3569,0.6785,0.6684,0.44,67.89,-0.95,False,False,False,NORMAL
2025-09-25 10:42:35,1.0000,0.4417,0.7209,0.4607,1.45,86.59,-1.05,False,False,False,NORMAL
2025-09-25 10:42:36,1.0000,0.0399,0.5199,0.5753,2.12,69.85,-0.44,False,False,False,NORMAL
2025-09-25 10:42:37,1.0000,0.0682,0.5341,0.5942,1.59,77.55,-1.54,False,False,False,NORMAL
2025-09-25 10:42:38,1.0000,0.0847,0.5424,0.6109,1.27,71.50,-1.10,False,False,False,NORMAL
2025-09-25 10:42:39,1.0000,0.3100,0.6550,0.6111,3.20,43.64,-0.49,False,False,False,NORMAL
2025-09-25 10:42:40,1.0000,0.2399,0.6200,0.5901,2.19,35.55,0.57,False,False,False,NORMAL
2025-09-25 10:42:41,1.0000,0.3156,0.6578,0.5722,2.26,36.18,0.51,False,False,False,NORMAL
2025-09-25 10:42:42,1.0000,0.3627,0.6814,0.6263,1.59,75.35,-0.45,False,False,False,NORMAL
2025-09-25 10:42:44,1.0000,0.3075,0.6537,0.4511,42.05,106.28,-15.92,False,False,True,WARNING
2025-09-25 10:42:45,1.0000,0.2734,0.6367,0.4621,48.58,79.82,-17.43,False,False,True,WARNING
2025-09-25 10:42:46,1.0000,0.3689,0.6845,0.6278,0.00,73.96,1.15,False,False,False,NORMAL
2025-09-25 10:42:47,1.0000,0.3186,0.6593,0.6471,1.82,35.71,-1.85,False,False,False,NORMAL
2025-09-25 10:42:48,1.0000,0.2852,0.6426,0.6656,3.04,3.65,0.47,False,False,False,NORMAL
2025-09-25 10:42:49,0.5881,0.4251,0.5066,1.2643,-20.62,75.13,-11.52,False,True,False,WARNING
2025-09-25 10:42:50,1.0000,0.3068,0.6534,0.6370,2.45,110.69,-0.72,False,True,False,WARNING
2025-09-25 10:42:51,1.0000,0.2316,0.6158,0.5365,4.01,15.14,-0.31,False,False,False,NORMAL
2025-09-25 10:42:52,1.0000,0.2108,0.6054,0.6311,-6.30,34.51,-0.47,False,True,False,WARNING
2025-09-25 10:42:53,1.0000,0.2026,0.6013,0.5314,1.29,26.12,0.91,False,True,False,WARNING
2025-09-25 10:42:54,1.0000,0.1047,0.5524,0.5547,9.74,40.93,-1.78,False,False,False,NORMAL
2025-09-25 10:42:55,1.0000,0.3285,0.6642,0.5150,9.74,44.13,-1.10,False,False,False,NORMAL
2025-09-25 10:42:56,1.0000,0.3363,0.6681,0.6132,7.28,38.51,-1.52,False,True,False,WARNING
2025-09-25 10:42:57,1.0000,0.3649,0.6825,0.5297,6.13,43.33,2.99,False,False,False,NORMAL
2025-09-25 10:42:58,1.0000,0.2891,0.6446,0.6080,-8.61,78.30,-3.85,False,True,False,WARNING
2025-09-25 10:42:59,1.0000,0.2696,0.6348,0.5055,0.59,12.81,1.50,False,False,False,NORMAL
2025-09-25 10:43:00,1.0000,0.3018,0.6509,0.5224,5.13,27.49,1.32,False,True,False,WARNING
2025-09-25 10:43:01,1.0000,0.3315,0.6658,0.5629,2.26,34.56,1.07,False,True,False,WARNING
2025-09-25 10:43:02,1.0000,0.2441,0.6220,0.6285,-3.37,43.06,-0.52,False,True,False,WARNING
2025-09-25 11:25:40,1.0000,0.3119,0.6560,0.5685,2.43,17.76,0.52,False,False,False,NORMAL
2025-09-25 11:25:41,1.0000,0.2847,0.6424,0.5632,0.45,22.89,0.62,False,False,False,NORMAL
2025-09-25 11:25:42,1.0000,0.3481,0.6740,0.7283,-6.34,60.65,-2.09,False,False,False,WARNING
2025-09-25 11:25:43,1.0000,0.2573,0.6287,0.5686,1.80,10.65,1.23,False,False,False,NORMAL
2025-09-25 11:25:44,1.0000,0.3026,0.6513,0.6437,-9.24,26.82,0.72,False,False,False,WARNING
2025-09-25 11:25:45,1.0000,0.3237,0.6619,0.6091,-0.93,36.44,0.50,False,False,False,NORMAL
2025-09-25 11:25:46,1.0000,0.1325,0.5663,0.5987,0.99,32.68,0.48,False,False,False,NORMAL
2025-09-25 11:25:48,1.0000,0.1130,0.5565,0.5957,1.31,33.37,0.40,False,False,False,NORMAL
2025-09-25 11:25:49,1.0000,0.2900,0.6450,0.5957,-0.02,40.84,0.55,False,False,False,NORMAL
2025-09-25 11:25:50,1.0000,0.2813,0.6406,0.6405,-1.68,54.42,0.82,False,False,False,NORMAL
2025-09-25 11:25:51,1.0000,0.2325,0.6162,0.5881,2.23,48.77,0.30,False,False,False,NORMAL
2025-09-25 11:25:52,1.0000,0.3310,0.6655,0.5929,1.84,48.39,0.10,False,False,False,NORMAL
2025-09-25 11:25:53,1.0000,0.2924,0.6462,0.6622,0.34,42.25,-0.09,False,False,False,NORMAL
2025-09-25 11:25:54,1.0000,0.1121,0.5560,0.5644,4.31,38.21,-0.44,False,False,False,NORMAL
2025-09-25 11:25:55,1.0000,0.1198,0.5599,0.5829,3.42,42.62,-0.15,False,False,False,NORMAL
2025-09-25 11:25:56,1.0000,0.2131,0.6065,0.5417,6.66,34.42,0.72,False,False,False,NORMAL
2025-09-25 11:25:57,1.0000,0.2064,0.6032,0.5559,2.11,36.58,0.20,False,False,False,NORMAL
2025-09-25 11:25:58,1.0000,0.3211,0.6606,0.5656,3.14,24.35,0.18,False,False,False,WARNING
2025-09-25 11:25:59,1.0000,0.0229,0.5114,0.5794,-1.36,42.08,1.44,False,False,False,NORMAL
2025-09-25 11:26:00,1.0000,0.3857,0.6929,0.5998,1.15,74.53,0.49,False,False,False,NORMAL
2025-09-25 11:26:01,1.0000,0.2638,0.6319,0.5080,9.61,4.05,1.43,False,False,False,NORMAL
2025-09-25 11:26:02,1.0000,0.2701,0.6351,0.5608,3.36,18.33,0.31,False,False,False,NORMAL
2025-09-25 15:13:28,1.0000,0.3414,0.6707,0.6656,-10.03,-2.29,-2.78,False,False,False,NORMAL
2025-09-25 15:13:29,1.0000,0.3068,0.6534,0.5861,2.63,30.87,0.50,False,False,False,NORMAL
2025-09-25 15:13:30,1.0000,0.3164,0.6582,0.5464,4.23,47.24,1.89,False,False,False,NORMAL
2025-09-25 15:13:31,1.0000,0.2128,0.6064,0.6007,1.50,34.28,-0.30,False,False,False,WARNING
2025-09-25 15:13:32,1.0000,0.3159,0.6580,0.5358,10.62,19.27,0.32,False,False,False,NORMAL
2025-09-25 15:13:33,1.0000,0.2919,0.6460,0.5423,5.41,20.59,0.22,False,False,False,NORMAL
2025-09-25 15:13:34,1.0000,0.3164,0.6582,0.5970,-2.51,16.99,-3.62,False,False,False,NORMAL
2025-09-25 15:13:35,1.0000,0.2914,0.6457,0.6563,4.24,33.78,-6.05,False,False,False,NORMAL
2025-09-25 15:13:36,1.0000,0.2766,0.6383,1.9034,-24.40,62.20,-11.45,False,False,False,WARNING
2025-09-25 15:13:38,1.0000,0.1631,0.5816,1.1791,-28.78,115.02,-8.12,False,False,False,WARNING
2025-09-25 15:13:39,1.0000,0.3192,0.6596,0.5623,1.86,22.23,-1.05,False,False,False,NORMAL
2025-09-25 15:13:40,1.0000,0.1661,0.5830,0.5728,12.18,65.29,-6.87,False,False,False,NORMAL
2025-09-25 15:13:41,1.0000,0.3120,0.6560,0.5172,23.20,27.43,-1.91,False,False,False,NORMAL
2025-09-25 15:13:42,1.0000,0.2887,0.6443,0.4316,31.72,23.64,-1.83,False,False,False,WARNING
2025-09-25 15:13:43,1.0000,0.2645,0.6323,0.4968,22.33,31.36,-1.87,False,False,False,NORMAL
2025-09-25 15:13:44,1.0000,0.2074,0.6037,0.7780,-23.38,19.94,-1.19,False,False,False,NORMAL
2025-09-25 15:13:45,1.0000,0.1206,0.5603,0.6780,-12.67,7.51,-1.67,False,False,False,NORMAL
2025-09-25 15:13:46,1.0000,0.3144,0.6572,0.4118,20.75,15.60,2.65,False,False,False,NORMAL
2025-09-25 15:13:47,1.0000,0.1770,0.5885,0.3943,64.55,43.88,-2.66,False,False,False,WARNING
2025-09-25 15:13:48,1.0000,0.0945,0.5472,0.4362,31.61,12.23,-2.92,False,False,False,WARNING
2025-09-25 15:13:49,1.0000,0.1136,0.5568,0.5050,23.78,-2.30,-2.40,False,False,False,NORMAL
2025-09-25 15:13:50,1.0000,0.1536,0.5768,0.4507,36.82,0.94,-2.20,False,False,False,WARNING
2025-09-25 15:13:51,1.0000,0.1332,0.5666,0.5044,28.38,9.55,-2.53,False,False,False,WARNING
2025-09-25 15:13:52,1.0000,0.1788,0.5894,0.5119,25.44,14.96,-2.75,False,False,False,WARNING
2025-09-25 15:13:53,1.0000,0.1405,0.5703,0.3751,58.58,31.40,-3.00,False,False,False,WARNING
2025-09-25 15:13:54,1.0000,0.3259,0.6629,0.3903,54.43,82.82,-3.96,False,False,False,WARNING
2025-09-25 15:13:55,1.0000,0.2732,0.6366,0.5402,-0.59,0.56,-1.46,False,False,False,NORMAL
2025-09-25 15:13:56,1.0000,0.2435,0.6217,0.5999,0.05,-0.40,-1.37,False,False,False,WARNING
2025-09-25 15:13:57,1.0000,0.1727,0.5864,0.6570,2.19,-17.08,-2.22,False,False,False,NORMAL
2025-09-25 15:13:58,1.0000,0.1270,0.5635,0.6221,3.75,-23.68,-1.69,False,False,False,NORMAL
2025-09-25 15:13:59,1.0000,0.1890,0.5945,0.6805,5.19,-16.51,-1.30,False,False,False,NORMAL
2025-09-25 15:14:00,1.0000,0.2549,0.6275,0.5914,-0.74,20.94,-0.47,False,False,False,NORMAL
2025-09-25 15:14:01,1.0000,0.2128,0.6064,0.5826,3.08,17.76,-0.17,False,False,False,NORMAL
2025-09-25 15:14:02,1.0000,0.1803,0.5902,0.6033,1.35,12.80,-1.29,False,False,False,NORMAL
2025-09-25 15:14:03,1.0000,0.0568,0.5284,0.5906,3.71,19.67,-1.37,False,False,False,NORMAL
2025-09-25 15:14:04,1.0000,0.0643,0.5321,0.5265,15.15,24.65,-1.28,False,False,False,NORMAL
2025-09-25 15:14:05,1.0000,0.0660,0.5330,0.4587,21.07,59.19,-0.22,False,False,False,NORMAL
2025-09-25 15:14:06,1.0000,0.0581,0.5291,0.4460,27.35,56.26,-1.32,False,False,False,WARNING
2025-09-25 15:14:07,1.0000,0.0843,0.5422,0.5152,15.18,85.30,-0.13,False,False,False,NORMAL
2025-09-25 15:14:08,1.0000,0.0952,0.5476,0.5423,19.25,66.13,-1.49,False,False,False,NORMAL
2025-09-25 15:14:09,1.0000,0.1876,0.5938,0.4807,11.09,57.13,-0.74,False,False,False,NORMAL
2025-09-25 15:14:10,1.0000,0.2766,0.6383,0.5706,11.43,10.89,-3.26,False,False,False,NORMAL
2025-09-25 15:14:11,1.0000,0.2728,0.6364,0.5762,2.09,46.45,-2.47,False,False,False,WARNING
2025-09-25 15:14:12,1.0000,0.3308,0.6654,0.6177,2.32,72.64,-0.59,False,False,False,NORMAL
2025-09-25 15:36:31,0.2431,1.0000,0.6216,0.2141,-1.19,-28.91,3.69,False,False,False,NORMAL
2025-09-25 15:36:32,0.3033,1.0000,0.6516,0.2954,-3.38,-4.07,-0.94,False,False,False,NORMAL
2025-09-25 15:36:33,0.2934,1.0000,0.6467,0.2207,4.10,24.92,-3.62,False,False,False,NORMAL
2025-09-25 15:36:35,0.3200,1.0000,0.6600,0.9336,-33.52,92.62,-14.39,False,False,False,WARNING
2025-09-25 15:36:36,0.4120,1.0000,0.7060,0.8577,-33.44,91.69,-14.12,False,False,False,WARNING
2025-09-25 15:36:37,0.3219,1.0000,0.6609,0.1639,14.55,29.87,2.82,False,False,False,NORMAL
2025-09-25 15:36:38,0.3245,1.0000,0.6623,0.2660,16.18,47.62,1.87,False,False,False,NORMAL
2025-09-25 15:36:39,0.3204,1.0000,0.6602,0.1863,16.02,49.77,0.15,False,False,False,NORMAL
2025-09-25 15:36:40,0.2928,1.0000,0.6464,1.1622,13.39,28.40,-0.25,False,False,False,WARNING
2025-09-25 15:36:41,0.2373,1.0000,0.6186,1.0065,14.37,39.79,-0.59,False,False,False,WARNING
2025-09-25 15:36:42,0.0700,1.0000,0.5350,2.0000,14.60,13.34,-1.12,False,False,False,WARNING
2025-09-25 15:36:43,0.1696,1.0000,0.5848,2.0000,6.78,29.53,-1.55,False,False,False,WARNING
2025-09-25 15:36:44,0.1787,1.0000,0.5893,0.7414,6.79,42.23,-0.96,False,False,False,WARNING
2025-09-25 15:36:45,0.2792,1.0000,0.6396,0.3994,6.02,42.25,-1.27,False,False,False,NORMAL
2025-09-25 15:36:46,0.0678,1.0000,0.5339,0.3472,7.69,44.83,-0.97,False,False,False,NORMAL
2025-09-25 15:36:47,0.0789,1.0000,0.5394,0.3829,8.38,44.93,-1.37,False,False,False,NORMAL
2025-09-25 15:36:48,0.0775,1.0000,0.5388,0.3794,8.08,43.81,-0.99,False,False,False,NORMAL
2025-09-25 15:36:49,0.2799,1.0000,0.6400,0.5493,4.99,60.30,-1.50,False,False,False,WARNING
2025-09-25 15:36:50,0.2600,1.0000,0.6300,0.8158,5.41,85.81,1.99,False,False,False,WARNING
2025-09-25 15:36:51,0.0835,1.0000,0.5418,0.4136,15.46,87.70,-0.21,False,False,False,NORMAL
2025-09-25 15:36:52,0.1164,1.0000,0.5582,0.5363,8.69,122.55,0.64,False,False,False,WARNING
2025-09-25 15:36:53,0.0819,1.0000,0.5409,0.1223,17.59,33.96,-3.72,False,False,False,NORMAL
2025-09-25 15:36:54,0.0699,1.0000,0.5350,0.2396,14.73,49.28,-1.97,False,False,False,NORMAL
2025-09-25 15:36:55,0.0806,1.0000,0.5403,0.3198,13.83,56.10,-3.64,False,False,False,NORMAL
2025-09-25 15:36:56,0.0950,1.0000,0.5475,0.4305,6.72,67.63,-1.77,False,False,False,NORMAL
2025-09-25 15:36:57,0.0925,1.0000,0.5463,0.2534,21.63,104.93,-2.63,False,False,False,NORMAL
2025-09-25 15:36:58,0.3374,1.0000,0.6687,0.1154,35.46,77.49,-2.28,False,False,False,NORMAL
2025-09-25 15:36:59,0.2162,1.0000,0.6081,0.2988,41.47,34.66,-0.89,False,False,False,NORMAL
2025-09-25 15:37:00,0.2312,1.0000,0.6156,0.4632,46.19,42.36,-2.14,False,False,False,NORMAL
2025-09-25 15:37:01,0.2681,1.0000,0.6341,0.4401,49.29,60.90,-2.31,False,False,False,NORMAL
2025-09-25 15:37:02,0.3012,1.0000,0.6506,0.4613,58.97,78.83,-4.25,False,False,False,NORMAL
2025-09-25 15:37:03,0.2355,1.0000,0.6177,0.4249,53.70,55.21,-2.98,False,False,False,NORMAL
2025-09-25 15:37:04,0.3602,1.0000,0.6801,0.9742,-0.62,99.01,-1.28,False,False,False,WARNING
2025-09-25 15:37:05,0.2620,1.0000,0.6310,0.6453,9.89,28.46,-0.59,False,False,False,WARNING
2025-09-25 15:37:06,0.2912,1.0000,0.6456,0.3272,6.98,25.13,-0.39,False,False,False,NORMAL
2025-09-25 15:37:07,0.3187,1.0000,0.6594,0.1949,31.83,48.97,-1.17,False,False,False,NORMAL
2025-09-25 15:37:08,0.2635,1.0000,0.6317,0.5289,57.60,86.10,-4.97,False,False,False,WARNING
2025-09-25 15:37:09,0.3415,1.0000,0.6707,0.1552,41.09,56.87,-0.10,False,False,False,NORMAL
2025-09-25 15:37:10,0.2659,1.0000,0.6329,0.1853,40.56,37.39,-2.45,False,False,False,NORMAL
2025-09-25 15:37:11,0.2739,1.0000,0.6370,0.6361,48.67,87.83,-3.29,False,False,False,WARNING
2025-09-25 15:37:12,0.2392,1.0000,0.6196,0.1107,46.34,69.13,-2.61,False,False,False,NORMAL
2025-09-25 15:37:13,0.4132,1.0000,0.7066,0.7270,29.06,35.74,3.36,False,False,False,WARNING
2025-09-25 15:37:15,0.2324,1.0000,0.6162,0.9619,27.37,69.92,-0.01,False,False,False,WARNING
2025-09-25 15:37:16,0.2048,1.0000,0.6024,0.1640,3.25,20.19,-3.60,False,False,False,NORMAL
2025-09-25 15:37:17,0.2582,1.0000,0.6291,0.5552,5.15,48.91,-1.46,False,False,False,WARNING
2025-09-25 15:37:18,0.1344,1.0000,0.5672,0.4036,6.04,45.86,-2.37,False,False,False,NORMAL
2025-09-25 15:42:15,0.2470,1.0000,0.6235,0.7280,-4.88,16.07,-3.01,False,True,False,WARNING
2025-09-25 15:42:16,0.2705,1.0000,0.6352,0.5400,-4.86,20.10,-2.83,False,True,False,WARNING
2025-09-25 15:42:17,0.3971,1.0000,0.6985,0.5375,-0.81,26.93,-2.24,False,True,False,WARNING
2025-09-25 15:42:18,0.4152,1.0000,0.7076,0.4794,-0.64,27.96,-2.12,False,False,False,NORMAL
2025-09-25 15:42:19,0.2704,1.0000,0.6352,0.5070,-6.17,17.26,-2.94,False,True,False,WARNING
2025-09-25 15:42:20,0.2758,1.0000,0.6379,0.5154,-5.89,26.65,-2.36,False,True,False,WARNING
2025-09-25 15:42:21,0.2782,1.0000,0.6391,0.4113,-1.07,-8.27,2.54,False,False,False,NORMAL
2025-09-25 15:42:22,0.2362,1.0000,0.6181,0.3788,-0.93,-25.15,1.19,False,False,False,NORMAL
2025-09-25 15:42:23,0.2587,1.0000,0.6293,0.3442,-1.72,-21.29,-0.72,False,False,False,NORMAL
2025-09-25 15:42:24,0.2276,1.0000,0.6138,0.4556,-4.08,3.28,-1.84,False,False,False,NORMAL
2025-09-25 15:42:25,0.3182,1.0000,0.6591,0.5121,0.95,28.68,-1.93,False,True,False,WARNING
2025-09-25 15:42:26,0.2988,1.0000,0.6494,0.5477,-1.50,36.12,-1.36,False,True,False,WARNING
2025-09-25 15:42:27,0.1416,1.0000,0.5708,0.4733,0.76,43.48,-1.37,False,False,False,NORMAL
2025-09-25 15:42:28,0.2567,1.0000,0.6284,0.4792,0.12,41.42,-1.45,False,False,False,NORMAL
2025-09-25 15:42:29,0.3228,1.0000,0.6614,0.4038,1.06,35.07,-2.79,False,False,False,NORMAL
2025-09-25 15:42:30,0.3635,1.0000,0.6818,0.4447,0.82,33.41,-2.47,False,False,False,NORMAL
2025-09-25 15:42:31,0.2803,1.0000,0.6402,0.3939,3.55,33.52,-2.97,False,False,False,NORMAL
2025-09-25 15:42:32,0.3255,1.0000,0.6627,0.9563,4.17,23.32,-2.67,False,True,False,WARNING
2025-09-25 15:42:33,0.3918,1.0000,0.6959,0.2755,4.71,29.58,-0.06,False,False,False,NORMAL
2025-09-25 15:42:34,0.3559,1.0000,0.6779,0.0139,22.83,48.35,-0.91,False,False,False,NORMAL
2025-09-25 15:42:35,0.4229,1.0000,0.7114,0.0056,24.32,46.43,-0.89,False,False,False,NORMAL
2025-09-25 15:42:36,0.4070,1.0000,0.7035,0.0519,28.46,56.69,-1.04,False,False,True,WARNING
2025-09-25 15:42:37,0.1355,1.0000,0.5678,0.1633,26.03,36.59,-1.68,False,False,True,WARNING
2025-09-25 15:42:38,0.3320,1.0000,0.6660,0.0211,25.19,37.04,-1.54,False,False,True,WARNING
2025-09-25 15:42:39,0.3105,1.0000,0.6552,1.3442,17.55,4.77,-1.31,False,True,False,WARNING
2025-09-25 15:42:40,0.2637,1.0000,0.6318,0.2601,19.02,23.01,-1.33,False,False,False,NORMAL
2025-09-25 15:42:41,0.0663,1.0000,0.5332,0.0136,18.23,25.15,-1.21,False,False,False,NORMAL
2025-09-25 15:42:42,0.1905,1.0000,0.5952,0.0743,24.93,66.70,-1.41,False,False,False,NORMAL
2025-09-25 15:42:43,0.1548,1.0000,0.5774,0.1964,23.36,82.98,0.26,False,False,False,NORMAL
2025-09-25 15:42:44,0.0819,1.0000,0.5409,0.3266,13.75,74.77,2.93,False,False,False,NORMAL
2025-09-25 15:42:45,0.0929,1.0000,0.5464,0.4601,10.91,69.60,3.05,False,False,False,NORMAL
2025-09-25 15:42:46,0.0733,1.0000,0.5366,1.2035,9.45,63.46,5.53,False,True,False,WARNING
2025-09-25 15:42:48,0.1136,1.0000,0.5568,0.5057,10.69,69.71,4.44,False,True,False,WARNING
2025-09-25 17:01:17,0.2636,1.0000,0.6318,0.8368,-9.47,66.60,-0.77,False,True,False,WARNING
2025-09-25 17:01:18,0.3131,1.0000,0.6566,0.8098,-4.78,74.04,5.34,False,True,False,WARNING
2025-09-25 17:01:19,0.3168,1.0000,0.6584,0.7331,1.49,81.09,2.97,False,True,False,WARNING
2025-09-25 17:01:20,0.3284,1.0000,0.6642,0.5761,1.61,62.11,0.35,False,True,False,WARNING
2025-09-25 17:01:21,0.2760,1.0000,0.6380,0.2738,0.57,9.01,-1.29,False,False,False,NORMAL
2025-09-25 17:01:22,0.2722,1.0000,0.6361,0.6911,2.67,-0.08,-0.98,False,True,False,WARNING
2025-09-25 17:01:23,0.2694,1.0000,0.6347,2.0000,0.45,-0.14,-1.88,False,True,False,WARNING
2025-09-25 17:01:24,0.1968,1.0000,0.5984,0.6914,51.49,4.59,-10.12,False,True,True,CRITICAL
2025-09-25 17:01:25,0.2176,1.0000,0.6088,0.4846,56.73,59.01,-9.61,False,False,True,WARNING
2025-09-25 17:01:26,0.2482,1.0000,0.6241,0.2660,56.24,93.19,-11.14,False,False,True,WARNING
2025-09-25 17:01:27,0.2456,1.0000,0.6228,0.2624,57.38,123.37,-11.94,False,False,True,WARNING
2025-09-25 17:01:28,0.2499,1.0000,0.6249,0.0214,27.10,39.34,-5.17,False,False,True,WARNING
2025-09-25 17:01:29,0.1643,1.0000,0.5821,0.6440,-1.44,41.03,-0.78,False,True,False,WARNING
2025-09-25 17:01:30,0.4926,1.0000,0.7463,0.6726,-0.26,84.23,-1.08,False,True,False,WARNING
2025-09-25 17:01:31,0.3421,1.0000,0.6710,0.6070,2.27,102.68,-1.21,False,True,False,WARNING
2025-09-25 17:01:32,0.3063,1.0000,0.6531,0.7693,-0.54,144.69,0.31,False,True,False,WARNING
2025-09-25 17:01:33,0.1264,1.0000,0.5632,0.5789,-0.51,143.18,-1.02,False,True,False,WARNING
2025-09-25 17:01:34,0.3589,1.0000,0.6794,0.2869,0.36,183.91,-1.26,False,False,False,NORMAL
2025-09-25 17:01:35,0.2985,1.0000,0.6492,0.5303,2.23,41.52,-0.79,False,True,False,WARNING
2025-09-25 17:01:37,0.3460,1.0000,0.6730,0.6073,-0.27,45.93,0.68,False,True,False,WARNING
2025-09-25 17:01:38,0.3801,1.0000,0.6900,0.6641,-3.01,57.94,1.37,False,True,False,WARNING
2025-09-25 17:01:39,0.3087,1.0000,0.6543,0.4293,0.58,34.22,-7.14,False,False,False,NORMAL
2025-09-25 17:01:40,0.4132,1.0000,0.7066,0.9403,-9.99,37.25,-11.12,False,True,False,WARNING
2025-09-25 17:01:41,0.4693,1.0000,0.7347,1.5351,-4.02,48.21,-11.07,False,True,False,WARNING
2025-09-25 17:01:42,0.4245,1.0000,0.7123,1.4686,-11.73,32.19,-9.93,False,True,False,WARNING
2025-09-25 17:01:44,0.3071,1.0000,0.6536,2.0000,-22.74,17.80,-5.91,False,True,False,WARNING
2025-09-25 17:01:45,0.2695,1.0000,0.6348,1.2864,-8.16,7.46,-3.71,False,True,False,WARNING
2025-09-25 17:01:46,0.2697,1.0000,0.6348,1.0152,2.46,13.68,-2.00,False,True,False,WARNING
2025-09-25 17:01:47,0.3395,1.0000,0.6697,0.5131,4.82,51.69,2.02,False,True,False,WARNING
2025-09-25 17:01:48,0.2612,1.0000,0.6306,0.6469,1.74,15.52,-0.39,False,True,False,WARNING
2025-09-25 17:01:49,0.3328,1.0000,0.6664,0.6200,0.25,20.06,-0.31,False,True,False,WARNING
2025-09-25 17:01:50,0.4084,1.0000,0.7042,0.6497,-18.00,209.17,4.01,False,True,False,WARNING
2025-09-25 17:01:51,0.2211,1.0000,0.6106,0.5314,-2.61,0.73,-1.33,False,True,False,WARNING
2025-09-25 17:01:52,0.2051,1.0000,0.6026,0.4381,13.67,23.35,-6.49,False,False,False,NORMAL
2025-09-25 17:01:53,0.3874,1.0000,0.6937,0.1936,7.07,70.68,-3.21,False,False,False,NORMAL
2025-09-25 17:01:54,0.3170,1.0000,0.6585,1.0835,0.48,12.48,-1.65,False,True,False,WARNING
2025-09-25 17:01:55,0.2645,1.0000,0.6323,0.4910,1.31,26.35,-0.05,False,False,False,NORMAL
2025-09-25 17:01:56,0.2899,1.0000,0.6450,0.5773,1.90,42.13,0.77,False,True,False,WARNING
2025-09-25 17:35:09,0.1531,0.1531,0.1531,0.0917,-9.39,80.88,1.94,False,False,False,NORMAL
2025-09-25 17:35:10,0.2424,0.2666,0.2545,0.1005,-0.43,42.67,-0.25,False,False,False,WARNING
2025-09-25 17:35:11,0.2174,0.2590,0.2382,0.0028,-0.44,10.80,-0.87,True,False,False,WARNING
2025-09-25 17:35:12,0.1760,0.2406,0.2083,0.0040,4.64,36.23,-0.13,True,False,False,WARNING
2025-09-25 17:35:13,0.2428,0.2553,0.2491,0.0008,4.75,32.70,-1.87,True,False,False,WARNING
2025-09-25 17:35:14,0.2444,0.2239,0.2342,0.0013,3.53,35.86,0.30,True,False,False,WARNING
2025-09-25 17:35:15,0.3449,0.3852,0.3650,0.0281,1.23,166.23,-1.87,False,False,False,NORMAL
2025-09-25 17:35:17,0.3132,0.2975,0.3053,0.0045,2.57,30.70,-0.26,False,False,False,NORMAL
2025-09-25 17:35:18,0.3101,0.3013,0.3057,0.0035,4.02,35.00,-0.50,False,False,False,NORMAL
2025-09-25 17:35:19,0.2188,0.2071,0.2130,0.0036,6.85,37.07,-0.88,True,False,False,WARNING
2025-09-25 17:35:20,0.2547,0.2532,0.2540,0.0026,4.56,39.53,-0.81,False,False,False,NORMAL
2025-09-25 17:35:21,0.0554,0.0603,0.0578,0.0047,1.90,34.69,-0.17,True,False,False,WARNING
2025-09-25 17:35:22,0.0481,0.0418,0.0449,0.0049,-7.12,44.18,0.60,True,False,False,WARNING
2025-09-25 17:35:23,0.1518,0.2252,0.1885,0.0043,-11.19,62.73,0.96,True,False,False,WARNING
2025-09-25 17:35:24,0.2954,0.3083,0.3019,0.0031,-30.25,59.06,8.10,False,False,True,WARNING
2025-09-25 17:35:25,0.2876,0.2956,0.2916,0.0019,-43.10,77.68,13.82,False,False,True,WARNING
2025-09-25 17:35:26,0.2650,0.2404,0.2527,0.6946,3.11,27.97,0.33,True,True,False,CRITICAL
2025-09-25 17:35:27,0.3637,0.3712,0.3675,0.0041,7.74,114.29,-2.39,False,False,False,NORMAL
2025-09-25 17:35:28,0.3958,0.3583,0.3770,0.1349,0.17,124.66,-0.02,False,False,False,NORMAL
2025-09-25 17:35:29,0.2833,0.2795,0.2814,0.0171,3.21,18.46,-0.53,False,False,False,NORMAL
2025-09-25 17:35:30,0.3393,0.3062,0.3228,0.3376,-1.06,46.11,0.07,False,False,False,NORMAL
2025-09-25 17:35:31,0.2760,0.2612,0.2686,0.1674,1.17,47.66,-0.51,False,False,False,NORMAL
2025-09-25 17:35:32,0.2794,0.2344,0.2569,0.0016,1.13,73.45,1.19,False,False,False,WARNING
2025-09-25 17:35:33,0.2237,0.2021,0.2129,0.0044,1.27,59.73,0.62,False,False,False,WARNING
2025-09-25 17:35:34,0.1765,0.0769,0.1267,0.0026,0.08,57.93,-0.01,True,False,False,WARNING
2025-09-25 17:35:35,0.2963,0.2504,0.2733,0.0036,7.47,68.45,-1.42,False,False,False,NORMAL
2025-09-25 17:35:36,0.3900,0.3743,0.3821,0.0025,2.26,76.51,-0.64,False,False,False,NORMAL
2025-09-25 17:35:37,0.1720,0.1260,0.1490,0.0042,-4.93,54.97,0.37,True,False,False,WARNING
2025-09-25 17:35:38,0.1837,0.1873,0.1855,0.0776,-3.39,60.92,0.97,True,False,False,WARNING
2025-09-25 17:35:39,0.1325,0.1278,0.1301,0.0030,-17.05,62.87,1.11,True,False,False,WARNING
2025-09-25 17:35:41,0.2974,0.1266,0.2120,0.0251,2.57,69.57,11.95,True,False,False,WARNING
2025-09-25 17:35:42,0.2611,0.2207,0.2409,0.0033,14.76,46.43,-3.37,True,False,False,WARNING
2025-09-25 17:35:43,0.3265,0.3249,0.3257,0.1602,5.50,48.67,-1.25,False,False,False,NORMAL
2025-09-25 17:35:44,0.2935,0.2751,0.2843,0.0647,3.83,62.06,-2.41,False,False,False,NORMAL
2025-09-25 17:35:45,0.9183,0.2321,0.5752,0.0116,28.63,104.67,8.69,False,False,True,WARNING
2025-09-25 17:35:46,0.3348,0.2918,0.3133,0.0020,16.32,78.69,-1.07,False,False,False,NORMAL
2025-09-25 17:35:47,0.4225,0.3768,0.3996,0.0015,16.46,82.80,-2.20,False,False,False,NORMAL
2025-09-25 17:35:48,0.3435,0.3336,0.3385,0.0118,32.37,60.43,-6.07,False,False,True,WARNING
2025-09-25 17:35:49,0.0362,0.0186,0.0274,0.0189,55.78,38.08,-7.08,False,False,True,CRITICAL
2025-09-25 17:35:50,0.0230,0.0437,0.0333,0.0027,70.16,25.29,-7.43,True,False,True,CRITICAL
2025-09-25 17:35:51,0.1745,0.2115,0.1930,0.0071,57.67,30.11,-6.58,True,False,True,CRITICAL
2025-09-25 17:35:52,0.2701,0.2850,0.2775,0.1676,-2.58,22.61,1.53,False,False,False,NORMAL
2025-09-25 17:35:53,0.0720,0.1455,0.1087,0.0306,11.11,-12.09,0.68,True,False,False,WARNING
2025-09-25 17:35:54,0.2658,0.2481,0.2570,0.0022,0.36,27.41,1.87,True,False,False,WARNING
2025-09-25 17:35:55,0.3120,0.6109,0.4615,0.1755,-19.54,26.45,-8.05,False,False,False,NORMAL
2025-09-25 17:35:56,0.2580,0.2599,0.2589,0.0655,-4.49,36.01,1.01,False,False,False,WARNING
2025-09-25 17:35:57,0.2801,0.3035,0.2918,0.0070,-4.12,50.47,0.71,False,False,False,NORMAL
